-- phpMyAdmin SQL Dump
-- version 5.2.1
-- https://www.phpmyadmin.net/
--
-- Host: localhost
-- Waktu pembuatan: 22 Nov 2025 pada 10.18
-- Versi server: 10.4.32-MariaDB
-- Versi PHP: 8.2.12

SET SQL_MODE = "NO_AUTO_VALUE_ON_ZERO";
START TRANSACTION;
SET time_zone = "+00:00";


/*!40101 SET @OLD_CHARACTER_SET_CLIENT=@@CHARACTER_SET_CLIENT */;
/*!40101 SET @OLD_CHARACTER_SET_RESULTS=@@CHARACTER_SET_RESULTS */;
/*!40101 SET @OLD_COLLATION_CONNECTION=@@COLLATION_CONNECTION */;
/*!40101 SET NAMES utf8mb4 */;

--
-- Database: `absensi_db3`
--

-- --------------------------------------------------------

--
-- Struktur dari tabel `absensi`
--

CREATE TABLE `absensi` (
  `id` int(11) NOT NULL,
  `siswa_id` int(11) NOT NULL,
  `tanggal` date NOT NULL,
  `status` enum('Hadir','Sakit','Izin','Alfa','Terlambat') NOT NULL
) ENGINE=InnoDB DEFAULT CHARSET=utf8mb4 COLLATE=utf8mb4_unicode_ci;

--
-- Dumping data untuk tabel `absensi`
--

INSERT INTO `absensi` (`id`, `siswa_id`, `tanggal`, `status`) VALUES
(6654, 3261, '2025-07-14', 'Hadir'),
(6655, 3262, '2025-07-14', 'Hadir'),
(6656, 3263, '2025-07-14', 'Hadir'),
(6657, 3264, '2025-07-14', 'Hadir'),
(6658, 3265, '2025-07-14', 'Hadir'),
(6659, 3266, '2025-07-14', 'Hadir'),
(6660, 3267, '2025-07-14', 'Hadir'),
(6661, 3268, '2025-07-14', 'Hadir'),
(6662, 3269, '2025-07-14', 'Hadir'),
(6663, 3270, '2025-07-14', 'Hadir'),
(6664, 3271, '2025-07-14', 'Hadir'),
(6665, 3272, '2025-07-14', 'Hadir'),
(6666, 3273, '2025-07-14', 'Hadir'),
(6667, 3274, '2025-07-14', 'Hadir'),
(6668, 3275, '2025-07-14', 'Hadir'),
(6669, 3276, '2025-07-14', 'Hadir'),
(6670, 3277, '2025-07-14', 'Hadir'),
(6671, 3278, '2025-07-14', 'Hadir'),
(6672, 3279, '2025-07-14', 'Hadir'),
(6673, 3280, '2025-07-14', 'Hadir'),
(6674, 3281, '2025-07-14', 'Hadir'),
(6675, 3282, '2025-07-14', 'Hadir'),
(6676, 3283, '2025-07-14', 'Hadir'),
(6677, 3284, '2025-07-14', 'Hadir'),
(6678, 3285, '2025-07-14', 'Hadir'),
(6679, 3286, '2025-07-14', 'Hadir'),
(6680, 3287, '2025-07-14', 'Hadir'),
(6681, 3288, '2025-07-14', 'Hadir'),
(6682, 3289, '2025-07-14', 'Hadir'),
(6683, 3290, '2025-07-14', 'Hadir'),
(6684, 3291, '2025-07-14', 'Hadir'),
(6685, 3292, '2025-07-14', 'Hadir'),
(6686, 3293, '2025-07-14', 'Hadir'),
(6687, 3294, '2025-07-14', 'Hadir'),
(6688, 3295, '2025-07-14', 'Hadir'),
(6689, 3296, '2025-07-14', 'Hadir'),
(6690, 3297, '2025-07-15', 'Hadir'),
(6691, 3298, '2025-07-15', 'Hadir'),
(6692, 3299, '2025-07-15', 'Hadir'),
(6693, 3300, '2025-07-15', 'Hadir'),
(6694, 3301, '2025-07-15', 'Hadir'),
(6695, 3302, '2025-07-15', 'Hadir'),
(6696, 3303, '2025-07-15', 'Hadir'),
(6697, 3304, '2025-07-15', 'Hadir'),
(6698, 3305, '2025-07-15', 'Hadir'),
(6699, 3306, '2025-07-15', 'Hadir'),
(6700, 3307, '2025-07-15', 'Hadir'),
(6701, 3308, '2025-07-15', 'Hadir'),
(6702, 3309, '2025-07-15', 'Hadir'),
(6703, 3310, '2025-07-15', 'Hadir'),
(6704, 3311, '2025-07-15', 'Hadir'),
(6705, 3312, '2025-07-15', 'Hadir'),
(6706, 3313, '2025-07-15', 'Hadir'),
(6707, 3314, '2025-07-15', 'Hadir'),
(6708, 3315, '2025-07-15', 'Hadir'),
(6709, 3316, '2025-07-15', 'Hadir'),
(6710, 3317, '2025-07-15', 'Hadir'),
(6711, 3318, '2025-07-15', 'Hadir'),
(6712, 3319, '2025-07-15', 'Hadir'),
(6713, 3320, '2025-07-15', 'Hadir'),
(6714, 3321, '2025-07-15', 'Hadir'),
(6715, 3322, '2025-07-15', 'Hadir'),
(6716, 3324, '2025-07-15', 'Hadir'),
(6717, 3325, '2025-07-15', 'Hadir'),
(6718, 3326, '2025-07-15', 'Hadir'),
(6719, 3327, '2025-07-15', 'Hadir'),
(6720, 3328, '2025-07-15', 'Hadir'),
(6721, 3329, '2025-07-15', 'Hadir'),
(6722, 3330, '2025-07-15', 'Hadir'),
(6723, 3331, '2025-07-15', 'Hadir'),
(6724, 3332, '2025-07-15', 'Hadir'),
(6725, 3333, '2025-07-15', 'Hadir'),
(6726, 3334, '2025-07-15', 'Hadir'),
(6727, 3335, '2025-07-15', 'Hadir'),
(6728, 3943, '2025-07-15', 'Hadir'),
(6729, 3944, '2025-07-15', 'Hadir'),
(6730, 3945, '2025-07-15', 'Hadir'),
(6731, 3946, '2025-07-15', 'Hadir'),
(6732, 3947, '2025-07-15', 'Hadir'),
(6733, 3948, '2025-07-15', 'Hadir'),
(6734, 3949, '2025-07-15', 'Hadir'),
(6735, 3950, '2025-07-15', 'Hadir'),
(6736, 3951, '2025-07-15', 'Hadir'),
(6737, 3952, '2025-07-15', 'Hadir'),
(6738, 3953, '2025-07-15', 'Hadir'),
(6739, 3954, '2025-07-15', 'Hadir'),
(6740, 3955, '2025-07-15', 'Hadir'),
(6741, 3956, '2025-07-15', 'Hadir'),
(6742, 3957, '2025-07-15', 'Hadir'),
(6743, 3958, '2025-07-15', 'Hadir'),
(6744, 3959, '2025-07-15', 'Hadir'),
(6745, 3960, '2025-07-15', 'Hadir'),
(6746, 3961, '2025-07-15', 'Hadir'),
(6747, 3962, '2025-07-15', 'Hadir'),
(6748, 3963, '2025-07-15', 'Hadir'),
(6749, 3964, '2025-07-15', 'Hadir'),
(6750, 3965, '2025-07-15', 'Hadir'),
(6751, 3966, '2025-07-15', 'Hadir'),
(6752, 3967, '2025-07-15', 'Hadir'),
(6753, 3968, '2025-07-15', 'Hadir'),
(6754, 3969, '2025-07-15', 'Hadir'),
(6755, 3970, '2025-07-15', 'Hadir'),
(6756, 3971, '2025-07-15', 'Hadir'),
(6757, 3972, '2025-07-15', 'Hadir'),
(6758, 3973, '2025-07-15', 'Hadir'),
(6759, 3974, '2025-07-15', 'Hadir'),
(6760, 3975, '2025-07-15', 'Hadir'),
(6761, 3976, '2025-07-15', 'Hadir'),
(6762, 3977, '2025-07-15', 'Hadir'),
(6763, 3978, '2025-07-15', 'Hadir'),
(6764, 3979, '2025-07-15', 'Hadir'),
(6765, 3980, '2025-07-15', 'Hadir'),
(6766, 3981, '2025-07-15', 'Hadir'),
(6767, 3982, '2025-07-15', 'Hadir'),
(6768, 3983, '2025-07-15', 'Hadir'),
(6769, 3984, '2025-07-15', 'Hadir'),
(6770, 3985, '2025-07-15', 'Hadir'),
(6771, 3986, '2025-07-15', 'Hadir'),
(6772, 3987, '2025-07-15', 'Hadir'),
(6773, 3988, '2025-07-15', 'Hadir'),
(6774, 3989, '2025-07-15', 'Hadir'),
(6775, 3990, '2025-07-15', 'Hadir'),
(6776, 3991, '2025-07-16', 'Hadir'),
(6777, 3992, '2025-07-16', 'Hadir'),
(6778, 3993, '2025-07-16', 'Hadir'),
(6779, 3994, '2025-07-16', 'Hadir'),
(6780, 3995, '2025-07-16', 'Hadir'),
(6781, 3996, '2025-07-16', 'Hadir'),
(6782, 3997, '2025-07-16', 'Hadir'),
(6783, 3998, '2025-07-16', 'Hadir'),
(6784, 3999, '2025-07-16', 'Hadir'),
(6785, 4000, '2025-07-16', 'Hadir'),
(6786, 4001, '2025-07-16', 'Hadir'),
(6787, 4002, '2025-07-16', 'Hadir'),
(6788, 4003, '2025-07-16', 'Hadir'),
(6789, 4004, '2025-07-16', 'Hadir'),
(6790, 4005, '2025-07-16', 'Hadir'),
(6791, 4006, '2025-07-16', 'Hadir'),
(6792, 4007, '2025-07-16', 'Hadir'),
(6793, 4008, '2025-07-16', 'Hadir'),
(6794, 4009, '2025-07-16', 'Hadir'),
(6795, 4010, '2025-07-16', 'Hadir'),
(6796, 4011, '2025-07-16', 'Hadir'),
(6797, 4012, '2025-07-16', 'Hadir'),
(6798, 4013, '2025-07-16', 'Hadir'),
(6799, 4014, '2025-07-16', 'Hadir'),
(6800, 4015, '2025-07-16', 'Hadir'),
(6801, 4016, '2025-07-16', 'Hadir'),
(6802, 4017, '2025-07-16', 'Hadir'),
(6803, 4018, '2025-07-16', 'Hadir'),
(6804, 4019, '2025-07-16', 'Hadir'),
(6805, 4020, '2025-07-16', 'Hadir'),
(6806, 4021, '2025-07-16', 'Hadir'),
(6807, 4022, '2025-07-16', 'Hadir'),
(6808, 4023, '2025-07-16', 'Hadir'),
(6809, 4024, '2025-07-16', 'Hadir'),
(6810, 4025, '2025-07-16', 'Hadir'),
(6811, 4026, '2025-07-16', 'Hadir'),
(6812, 4027, '2025-07-16', 'Hadir'),
(6813, 4028, '2025-07-16', 'Hadir'),
(6814, 4029, '2025-07-16', 'Hadir'),
(6815, 4030, '2025-07-16', 'Hadir'),
(6816, 4031, '2025-07-16', 'Hadir'),
(6817, 4032, '2025-07-16', 'Hadir'),
(6818, 4033, '2025-07-16', 'Hadir'),
(6819, 4034, '2025-07-16', 'Hadir'),
(6820, 4035, '2025-07-16', 'Hadir'),
(6821, 4036, '2025-07-16', 'Hadir'),
(6822, 4037, '2025-07-16', 'Hadir'),
(6823, 4038, '2025-07-16', 'Hadir'),
(6824, 3155, '2025-07-17', 'Hadir'),
(6825, 3156, '2025-07-17', 'Hadir'),
(6826, 3157, '2025-07-17', 'Hadir'),
(6827, 3158, '2025-07-17', 'Hadir'),
(6828, 3159, '2025-07-17', 'Hadir'),
(6829, 3160, '2025-07-17', 'Hadir'),
(6830, 3161, '2025-07-17', 'Hadir'),
(6831, 3162, '2025-07-17', 'Hadir'),
(6832, 3163, '2025-07-17', 'Hadir'),
(6833, 3164, '2025-07-17', 'Hadir'),
(6834, 3165, '2025-07-17', 'Hadir'),
(6835, 3166, '2025-07-17', 'Hadir'),
(6836, 3167, '2025-07-17', 'Hadir'),
(6837, 3168, '2025-07-17', 'Hadir'),
(6838, 3170, '2025-07-17', 'Hadir'),
(6839, 3169, '2025-07-17', 'Hadir'),
(6840, 3171, '2025-07-17', 'Hadir'),
(6841, 3172, '2025-07-17', 'Hadir'),
(6842, 3173, '2025-07-17', 'Hadir'),
(6843, 3174, '2025-07-17', 'Hadir'),
(6844, 3175, '2025-07-17', 'Hadir'),
(6845, 3176, '2025-07-17', 'Hadir'),
(6846, 3177, '2025-07-17', 'Hadir'),
(6847, 3178, '2025-07-17', 'Hadir'),
(6848, 3179, '2025-07-17', 'Hadir'),
(6849, 3180, '2025-07-17', 'Hadir'),
(6850, 3181, '2025-07-17', 'Hadir'),
(6851, 3182, '2025-07-17', 'Hadir'),
(6852, 3183, '2025-07-17', 'Hadir'),
(6853, 3184, '2025-07-17', 'Hadir'),
(6854, 3185, '2025-07-17', 'Hadir'),
(6855, 3186, '2025-07-17', 'Hadir'),
(6856, 3187, '2025-07-17', 'Hadir'),
(6857, 3188, '2025-07-17', 'Hadir'),
(6858, 4039, '2025-07-18', 'Hadir'),
(6859, 4040, '2025-07-18', 'Hadir'),
(6860, 4041, '2025-07-18', 'Hadir'),
(6861, 4042, '2025-07-18', 'Hadir'),
(6862, 4043, '2025-07-18', 'Hadir'),
(6863, 4044, '2025-07-18', 'Hadir'),
(6864, 4045, '2025-07-18', 'Hadir'),
(6865, 4046, '2025-07-18', 'Hadir'),
(6866, 4047, '2025-07-18', 'Hadir'),
(6867, 4048, '2025-07-18', 'Hadir'),
(6868, 4049, '2025-07-18', 'Hadir'),
(6869, 4050, '2025-07-18', 'Hadir'),
(6870, 4051, '2025-07-18', 'Hadir'),
(6871, 4229, '2025-07-18', 'Hadir'),
(6872, 4052, '2025-07-18', 'Hadir'),
(6873, 4053, '2025-07-18', 'Hadir'),
(6874, 4054, '2025-07-18', 'Hadir'),
(6875, 4055, '2025-07-18', 'Hadir'),
(6876, 4056, '2025-07-18', 'Hadir'),
(6877, 4057, '2025-07-18', 'Hadir'),
(6878, 4058, '2025-07-18', 'Hadir'),
(6879, 4059, '2025-07-18', 'Hadir'),
(6880, 4060, '2025-07-18', 'Hadir'),
(6881, 4061, '2025-07-18', 'Hadir'),
(6882, 4062, '2025-07-18', 'Hadir'),
(6883, 4063, '2025-07-18', 'Hadir'),
(6884, 4064, '2025-07-18', 'Hadir'),
(6885, 4065, '2025-07-18', 'Hadir'),
(6886, 4066, '2025-07-18', 'Hadir'),
(6887, 4067, '2025-07-18', 'Hadir'),
(6888, 4068, '2025-07-18', 'Hadir'),
(6889, 4069, '2025-07-18', 'Hadir'),
(6890, 4070, '2025-07-18', 'Hadir'),
(6891, 4071, '2025-07-18', 'Hadir'),
(6892, 4072, '2025-07-18', 'Hadir'),
(6893, 4073, '2025-07-18', 'Hadir'),
(6894, 4074, '2025-07-18', 'Hadir'),
(6895, 4075, '2025-07-18', 'Hadir'),
(6896, 4076, '2025-07-18', 'Hadir'),
(6897, 4077, '2025-07-18', 'Hadir'),
(6898, 4078, '2025-07-18', 'Hadir'),
(6899, 4079, '2025-07-18', 'Hadir'),
(6900, 4080, '2025-07-18', 'Hadir'),
(6901, 4081, '2025-07-18', 'Hadir'),
(6902, 4082, '2025-07-18', 'Hadir'),
(6903, 4083, '2025-07-18', 'Hadir'),
(6904, 4084, '2025-07-18', 'Hadir'),
(6905, 4085, '2025-07-18', 'Hadir'),
(6928, 3323, '2025-07-19', 'Hadir'),
(6944, 3155, '2025-07-19', 'Hadir'),
(6945, 3156, '2025-07-19', 'Hadir'),
(6946, 3157, '2025-07-19', 'Hadir'),
(6947, 3158, '2025-07-19', 'Hadir'),
(6948, 3159, '2025-07-19', 'Hadir'),
(6949, 3160, '2025-07-19', 'Hadir'),
(6950, 3161, '2025-07-19', 'Hadir'),
(6951, 3162, '2025-07-19', 'Hadir'),
(6952, 3163, '2025-07-19', 'Hadir'),
(6953, 3164, '2025-07-19', 'Hadir'),
(6954, 3165, '2025-07-19', 'Hadir'),
(6955, 3166, '2025-07-19', 'Hadir'),
(6956, 3167, '2025-07-19', 'Hadir'),
(6957, 3168, '2025-07-19', 'Hadir'),
(6958, 3170, '2025-07-19', 'Hadir'),
(6959, 3169, '2025-07-19', 'Hadir'),
(6960, 3171, '2025-07-19', 'Hadir'),
(6961, 3172, '2025-07-19', 'Hadir'),
(6962, 3173, '2025-07-19', 'Hadir'),
(6963, 3174, '2025-07-19', 'Hadir'),
(6964, 3175, '2025-07-19', 'Hadir'),
(6965, 3176, '2025-07-19', 'Hadir'),
(6966, 3177, '2025-07-19', 'Hadir'),
(6967, 3178, '2025-07-19', 'Hadir'),
(6968, 3179, '2025-07-19', 'Hadir'),
(6969, 3180, '2025-07-19', 'Hadir'),
(6970, 3181, '2025-07-19', 'Hadir'),
(6971, 3182, '2025-07-19', 'Hadir'),
(6972, 3183, '2025-07-19', 'Hadir'),
(6973, 3184, '2025-07-19', 'Hadir'),
(6974, 3185, '2025-07-19', 'Hadir'),
(6975, 3186, '2025-07-19', 'Hadir'),
(6976, 3187, '2025-07-19', 'Hadir'),
(6977, 3188, '2025-07-19', 'Hadir'),
(6978, 3943, '2025-07-19', 'Hadir'),
(6979, 3944, '2025-07-19', 'Hadir'),
(6980, 3945, '2025-07-19', 'Hadir'),
(6981, 3946, '2025-07-19', 'Hadir'),
(6982, 3947, '2025-07-19', 'Hadir'),
(6983, 3948, '2025-07-19', 'Hadir'),
(6984, 3949, '2025-07-19', 'Hadir'),
(6985, 3950, '2025-07-19', 'Hadir'),
(6986, 3951, '2025-07-19', 'Hadir'),
(6987, 3952, '2025-07-19', 'Hadir'),
(6988, 3953, '2025-07-19', 'Hadir'),
(6989, 3954, '2025-07-19', 'Hadir'),
(6990, 3955, '2025-07-19', 'Hadir'),
(6991, 3956, '2025-07-19', 'Hadir'),
(6992, 3957, '2025-07-19', 'Hadir'),
(6993, 3958, '2025-07-19', 'Hadir'),
(6994, 3959, '2025-07-19', 'Hadir'),
(6995, 3960, '2025-07-19', 'Hadir'),
(6996, 3961, '2025-07-19', 'Hadir'),
(6997, 3962, '2025-07-19', 'Hadir'),
(6998, 3963, '2025-07-19', 'Hadir'),
(6999, 3964, '2025-07-19', 'Hadir'),
(7000, 3965, '2025-07-19', 'Hadir'),
(7001, 3966, '2025-07-19', 'Hadir'),
(7002, 3967, '2025-07-19', 'Hadir'),
(7003, 3968, '2025-07-19', 'Hadir'),
(7004, 3969, '2025-07-19', 'Hadir'),
(7005, 3970, '2025-07-19', 'Hadir'),
(7006, 3971, '2025-07-19', 'Hadir'),
(7007, 3972, '2025-07-19', 'Hadir'),
(7008, 3973, '2025-07-19', 'Hadir'),
(7009, 3974, '2025-07-19', 'Hadir'),
(7010, 3975, '2025-07-19', 'Hadir'),
(7011, 3976, '2025-07-19', 'Hadir'),
(7012, 3977, '2025-07-19', 'Hadir'),
(7013, 3978, '2025-07-19', 'Hadir'),
(7014, 3979, '2025-07-19', 'Hadir'),
(7015, 3980, '2025-07-19', 'Hadir'),
(7016, 3981, '2025-07-19', 'Hadir'),
(7017, 3982, '2025-07-19', 'Hadir'),
(7018, 3983, '2025-07-19', 'Hadir'),
(7019, 3984, '2025-07-19', 'Hadir'),
(7020, 3985, '2025-07-19', 'Hadir'),
(7021, 3986, '2025-07-19', 'Hadir'),
(7022, 3987, '2025-07-19', 'Hadir'),
(7023, 3988, '2025-07-19', 'Hadir'),
(7024, 3989, '2025-07-19', 'Hadir'),
(7025, 3990, '2025-07-19', 'Hadir'),
(7026, 3991, '2025-07-19', 'Hadir'),
(7027, 3992, '2025-07-19', 'Hadir'),
(7028, 3993, '2025-07-19', 'Hadir'),
(7029, 3994, '2025-07-19', 'Hadir'),
(7030, 3995, '2025-07-19', 'Hadir'),
(7031, 3996, '2025-07-19', 'Hadir'),
(7032, 3997, '2025-07-19', 'Hadir'),
(7033, 3998, '2025-07-19', 'Hadir'),
(7034, 3999, '2025-07-19', 'Hadir'),
(7035, 4000, '2025-07-19', 'Hadir'),
(7036, 4001, '2025-07-19', 'Hadir'),
(7037, 4002, '2025-07-19', 'Hadir'),
(7038, 4003, '2025-07-19', 'Hadir'),
(7039, 4004, '2025-07-19', 'Hadir'),
(7040, 4005, '2025-07-19', 'Hadir'),
(7041, 4006, '2025-07-19', 'Hadir'),
(7042, 4007, '2025-07-19', 'Hadir'),
(7043, 4008, '2025-07-19', 'Hadir'),
(7044, 4009, '2025-07-19', 'Hadir'),
(7045, 4010, '2025-07-19', 'Hadir'),
(7046, 4011, '2025-07-19', 'Hadir'),
(7047, 4012, '2025-07-19', 'Hadir'),
(7048, 4013, '2025-07-19', 'Hadir'),
(7049, 4014, '2025-07-19', 'Hadir'),
(7050, 4015, '2025-07-19', 'Hadir'),
(7051, 4016, '2025-07-19', 'Hadir'),
(7052, 4017, '2025-07-19', 'Hadir'),
(7053, 4018, '2025-07-19', 'Hadir'),
(7054, 4019, '2025-07-19', 'Hadir'),
(7055, 4020, '2025-07-19', 'Hadir'),
(7056, 4021, '2025-07-19', 'Hadir'),
(7057, 4022, '2025-07-19', 'Hadir'),
(7058, 4023, '2025-07-19', 'Hadir'),
(7059, 4024, '2025-07-19', 'Hadir'),
(7060, 4025, '2025-07-19', 'Hadir'),
(7061, 4026, '2025-07-19', 'Hadir'),
(7062, 4027, '2025-07-19', 'Hadir'),
(7063, 4028, '2025-07-19', 'Hadir'),
(7064, 4029, '2025-07-19', 'Hadir'),
(7065, 4030, '2025-07-19', 'Hadir'),
(7066, 4031, '2025-07-19', 'Hadir'),
(7067, 4032, '2025-07-19', 'Hadir'),
(7068, 4033, '2025-07-19', 'Hadir'),
(7069, 4034, '2025-07-19', 'Hadir'),
(7070, 4035, '2025-07-19', 'Hadir'),
(7071, 4036, '2025-07-19', 'Hadir'),
(7072, 4037, '2025-07-19', 'Hadir'),
(7073, 4038, '2025-07-19', 'Hadir'),
(7074, 4039, '2025-07-19', 'Hadir'),
(7075, 4040, '2025-07-19', 'Hadir'),
(7076, 4041, '2025-07-19', 'Hadir'),
(7077, 4042, '2025-07-19', 'Hadir'),
(7078, 4043, '2025-07-19', 'Hadir'),
(7079, 4044, '2025-07-19', 'Hadir'),
(7080, 4045, '2025-07-19', 'Hadir'),
(7081, 4046, '2025-07-19', 'Hadir'),
(7082, 4047, '2025-07-19', 'Hadir'),
(7083, 4048, '2025-07-19', 'Hadir'),
(7084, 4049, '2025-07-19', 'Hadir'),
(7085, 4050, '2025-07-19', 'Hadir'),
(7086, 4051, '2025-07-19', 'Hadir'),
(7087, 4229, '2025-07-19', 'Hadir'),
(7088, 4052, '2025-07-19', 'Hadir'),
(7089, 4053, '2025-07-19', 'Hadir'),
(7090, 4054, '2025-07-19', 'Hadir'),
(7091, 4055, '2025-07-19', 'Hadir'),
(7092, 4056, '2025-07-19', 'Hadir'),
(7093, 4057, '2025-07-19', 'Hadir'),
(7094, 4058, '2025-07-19', 'Hadir'),
(7095, 4059, '2025-07-19', 'Hadir'),
(7096, 4060, '2025-07-19', 'Hadir'),
(7097, 4061, '2025-07-19', 'Hadir'),
(7098, 4062, '2025-07-19', 'Hadir'),
(7099, 4063, '2025-07-19', 'Hadir'),
(7100, 4064, '2025-07-19', 'Hadir'),
(7101, 4065, '2025-07-19', 'Hadir'),
(7102, 4066, '2025-07-19', 'Hadir'),
(7103, 4067, '2025-07-19', 'Hadir'),
(7104, 4068, '2025-07-19', 'Hadir'),
(7105, 4069, '2025-07-19', 'Hadir'),
(7106, 4070, '2025-07-19', 'Hadir'),
(7107, 4071, '2025-07-19', 'Hadir'),
(7108, 4072, '2025-07-19', 'Hadir'),
(7109, 4073, '2025-07-19', 'Hadir'),
(7110, 4074, '2025-07-19', 'Hadir'),
(7111, 4075, '2025-07-19', 'Hadir'),
(7112, 4076, '2025-07-19', 'Hadir'),
(7113, 4077, '2025-07-19', 'Hadir'),
(7114, 4078, '2025-07-19', 'Hadir'),
(7115, 4079, '2025-07-19', 'Hadir'),
(7116, 4080, '2025-07-19', 'Hadir'),
(7117, 4081, '2025-07-19', 'Hadir'),
(7118, 4082, '2025-07-19', 'Hadir'),
(7119, 4083, '2025-07-19', 'Hadir'),
(7120, 4084, '2025-07-19', 'Hadir'),
(7121, 4085, '2025-07-19', 'Hadir'),
(7443, 3261, '2025-07-21', 'Hadir'),
(7444, 3262, '2025-07-21', 'Hadir'),
(7445, 3263, '2025-07-21', 'Hadir'),
(7446, 3264, '2025-07-21', 'Hadir'),
(7447, 3265, '2025-07-21', 'Hadir'),
(7448, 3266, '2025-07-21', 'Hadir'),
(7449, 3267, '2025-07-21', 'Hadir'),
(7450, 3268, '2025-07-21', 'Hadir'),
(7451, 3269, '2025-07-21', 'Hadir'),
(7452, 3270, '2025-07-21', 'Hadir'),
(7453, 3271, '2025-07-21', 'Hadir'),
(7454, 3272, '2025-07-21', 'Hadir'),
(7455, 3273, '2025-07-21', 'Hadir'),
(7456, 3274, '2025-07-21', 'Hadir'),
(7457, 3275, '2025-07-21', 'Hadir'),
(7458, 3276, '2025-07-21', 'Hadir'),
(7459, 3277, '2025-07-21', 'Hadir'),
(7460, 3278, '2025-07-21', 'Hadir'),
(7461, 3279, '2025-07-21', 'Hadir'),
(7462, 3280, '2025-07-21', 'Hadir'),
(7463, 3281, '2025-07-21', 'Hadir'),
(7464, 3282, '2025-07-21', 'Hadir'),
(7465, 3283, '2025-07-21', 'Hadir'),
(7466, 3284, '2025-07-21', 'Hadir'),
(7467, 3285, '2025-07-21', 'Hadir'),
(7468, 3286, '2025-07-21', 'Hadir'),
(7469, 3287, '2025-07-21', 'Hadir'),
(7470, 3288, '2025-07-21', 'Hadir'),
(7471, 3289, '2025-07-21', 'Hadir'),
(7472, 3290, '2025-07-21', 'Hadir'),
(7473, 3291, '2025-07-21', 'Hadir'),
(7474, 3292, '2025-07-21', 'Hadir'),
(7475, 3293, '2025-07-21', 'Hadir'),
(7476, 3294, '2025-07-21', 'Hadir'),
(7477, 3295, '2025-07-21', 'Hadir'),
(7478, 3296, '2025-07-21', 'Hadir'),
(7479, 3297, '2025-07-22', 'Hadir'),
(7480, 3298, '2025-07-22', 'Hadir'),
(7481, 3299, '2025-07-22', 'Hadir'),
(7482, 3300, '2025-07-22', 'Hadir'),
(7483, 3301, '2025-07-22', 'Hadir'),
(7484, 3302, '2025-07-22', 'Hadir'),
(7485, 3303, '2025-07-22', 'Hadir'),
(7486, 3304, '2025-07-22', 'Hadir'),
(7487, 3305, '2025-07-22', 'Hadir'),
(7488, 3306, '2025-07-22', 'Hadir'),
(7489, 3307, '2025-07-22', 'Hadir'),
(7490, 3308, '2025-07-22', 'Hadir'),
(7491, 3309, '2025-07-22', 'Hadir'),
(7492, 3310, '2025-07-22', 'Hadir'),
(7493, 3311, '2025-07-22', 'Hadir'),
(7494, 3312, '2025-07-22', 'Hadir'),
(7495, 3313, '2025-07-22', 'Hadir'),
(7496, 3314, '2025-07-22', 'Hadir'),
(7497, 3315, '2025-07-22', 'Hadir'),
(7498, 3316, '2025-07-22', 'Hadir'),
(7499, 3317, '2025-07-22', 'Hadir'),
(7500, 3318, '2025-07-22', 'Hadir'),
(7501, 3319, '2025-07-22', 'Hadir'),
(7502, 3320, '2025-07-22', 'Hadir'),
(7503, 3321, '2025-07-22', 'Hadir'),
(7504, 3322, '2025-07-22', 'Hadir'),
(7505, 3324, '2025-07-22', 'Hadir'),
(7506, 3325, '2025-07-22', 'Hadir'),
(7507, 3326, '2025-07-22', 'Hadir'),
(7508, 3327, '2025-07-22', 'Hadir'),
(7509, 3328, '2025-07-22', 'Sakit'),
(7510, 3329, '2025-07-22', 'Hadir'),
(7511, 3330, '2025-07-22', 'Hadir'),
(7512, 3331, '2025-07-22', 'Hadir'),
(7513, 3332, '2025-07-22', 'Hadir'),
(7514, 3333, '2025-07-22', 'Hadir'),
(7515, 3334, '2025-07-22', 'Hadir'),
(7516, 3335, '2025-07-22', 'Hadir'),
(7517, 3323, '2025-07-22', 'Hadir'),
(7518, 4039, '2025-07-25', 'Hadir'),
(7519, 4040, '2025-07-25', 'Hadir'),
(7520, 4041, '2025-07-25', 'Hadir'),
(7521, 4042, '2025-07-25', 'Hadir'),
(7522, 4043, '2025-07-25', 'Hadir'),
(7523, 4044, '2025-07-25', 'Hadir'),
(7524, 4045, '2025-07-25', 'Hadir'),
(7525, 4046, '2025-07-25', 'Hadir'),
(7526, 4047, '2025-07-25', 'Hadir'),
(7527, 4048, '2025-07-25', 'Hadir'),
(7528, 4049, '2025-07-25', 'Hadir'),
(7529, 4050, '2025-07-25', 'Hadir'),
(7530, 4051, '2025-07-25', 'Hadir'),
(7531, 4229, '2025-07-25', 'Hadir'),
(7532, 4052, '2025-07-25', 'Hadir'),
(7533, 4053, '2025-07-25', 'Hadir'),
(7534, 4054, '2025-07-25', 'Hadir'),
(7535, 4055, '2025-07-25', 'Hadir'),
(7536, 4056, '2025-07-25', 'Hadir'),
(7537, 4057, '2025-07-25', 'Hadir'),
(7538, 4058, '2025-07-25', 'Hadir'),
(7539, 4059, '2025-07-25', 'Hadir'),
(7540, 4060, '2025-07-25', 'Hadir'),
(7541, 4061, '2025-07-25', 'Hadir'),
(7542, 4062, '2025-07-25', 'Hadir'),
(7543, 4063, '2025-07-25', 'Hadir'),
(7544, 4064, '2025-07-25', 'Hadir'),
(7545, 4065, '2025-07-25', 'Hadir'),
(7546, 4066, '2025-07-25', 'Hadir'),
(7547, 4067, '2025-07-25', 'Hadir'),
(7548, 4068, '2025-07-25', 'Hadir'),
(7549, 4069, '2025-07-25', 'Sakit'),
(7550, 4070, '2025-07-25', 'Hadir'),
(7551, 4071, '2025-07-25', 'Sakit'),
(7552, 4072, '2025-07-25', 'Hadir'),
(7553, 4073, '2025-07-25', 'Hadir'),
(7554, 4074, '2025-07-25', 'Hadir'),
(7555, 4075, '2025-07-25', 'Hadir'),
(7556, 4076, '2025-07-25', 'Hadir'),
(7557, 4077, '2025-07-25', 'Hadir'),
(7558, 4078, '2025-07-25', 'Hadir'),
(7559, 4079, '2025-07-25', 'Hadir'),
(7560, 4080, '2025-07-25', 'Hadir'),
(7561, 4081, '2025-07-25', 'Hadir'),
(7562, 4082, '2025-07-25', 'Hadir'),
(7563, 4083, '2025-07-25', 'Hadir'),
(7564, 4084, '2025-07-25', 'Hadir'),
(7565, 4085, '2025-07-25', 'Hadir'),
(7566, 3261, '2025-07-28', 'Hadir'),
(7567, 3262, '2025-07-28', 'Hadir'),
(7568, 3263, '2025-07-28', 'Hadir'),
(7569, 3264, '2025-07-28', 'Hadir'),
(7570, 3265, '2025-07-28', 'Hadir'),
(7571, 3266, '2025-07-28', 'Hadir'),
(7572, 3267, '2025-07-28', 'Hadir'),
(7573, 3268, '2025-07-28', 'Hadir'),
(7574, 3269, '2025-07-28', 'Hadir'),
(7575, 3270, '2025-07-28', 'Hadir'),
(7576, 3271, '2025-07-28', 'Hadir'),
(7577, 3272, '2025-07-28', 'Hadir'),
(7578, 3273, '2025-07-28', 'Hadir'),
(7579, 3274, '2025-07-28', 'Hadir'),
(7580, 3275, '2025-07-28', 'Hadir'),
(7581, 3276, '2025-07-28', 'Hadir'),
(7582, 3277, '2025-07-28', 'Hadir'),
(7583, 3278, '2025-07-28', 'Hadir'),
(7584, 3279, '2025-07-28', 'Hadir'),
(7585, 3280, '2025-07-28', 'Hadir'),
(7586, 3281, '2025-07-28', 'Hadir'),
(7587, 3282, '2025-07-28', 'Hadir'),
(7588, 3283, '2025-07-28', 'Hadir'),
(7589, 3284, '2025-07-28', 'Hadir'),
(7590, 3285, '2025-07-28', 'Hadir'),
(7591, 3286, '2025-07-28', 'Hadir'),
(7592, 3287, '2025-07-28', 'Hadir'),
(7593, 3288, '2025-07-28', 'Hadir'),
(7594, 3289, '2025-07-28', 'Hadir'),
(7595, 3290, '2025-07-28', 'Hadir'),
(7596, 3291, '2025-07-28', 'Hadir'),
(7597, 3292, '2025-07-28', 'Hadir'),
(7598, 3293, '2025-07-28', 'Hadir'),
(7599, 3294, '2025-07-28', 'Hadir'),
(7600, 3295, '2025-07-28', 'Hadir'),
(7601, 3296, '2025-07-28', 'Hadir'),
(7602, 3991, '2025-07-30', 'Hadir'),
(7603, 3992, '2025-07-30', 'Hadir'),
(7604, 3993, '2025-07-30', 'Hadir'),
(7605, 3994, '2025-07-30', 'Hadir'),
(7606, 3995, '2025-07-30', 'Hadir'),
(7607, 3996, '2025-07-30', 'Hadir'),
(7608, 3997, '2025-07-30', 'Hadir'),
(7609, 3998, '2025-07-30', 'Hadir'),
(7610, 3999, '2025-07-30', 'Hadir'),
(7611, 4000, '2025-07-30', 'Hadir'),
(7612, 4001, '2025-07-30', 'Hadir'),
(7613, 4002, '2025-07-30', 'Hadir'),
(7614, 4003, '2025-07-30', 'Hadir'),
(7615, 4004, '2025-07-30', 'Hadir'),
(7616, 4005, '2025-07-30', 'Hadir'),
(7617, 4006, '2025-07-30', 'Hadir'),
(7618, 4007, '2025-07-30', 'Hadir'),
(7619, 4008, '2025-07-30', 'Sakit'),
(7620, 4009, '2025-07-30', 'Hadir'),
(7621, 4010, '2025-07-30', 'Hadir'),
(7622, 4011, '2025-07-30', 'Hadir'),
(7623, 4012, '2025-07-30', 'Hadir'),
(7624, 4013, '2025-07-30', 'Hadir'),
(7625, 4014, '2025-07-30', 'Hadir'),
(7626, 4015, '2025-07-30', 'Hadir'),
(7627, 4016, '2025-07-30', 'Hadir'),
(7628, 4017, '2025-07-30', 'Hadir'),
(7629, 4018, '2025-07-30', 'Hadir'),
(7630, 4019, '2025-07-30', 'Hadir'),
(7631, 4020, '2025-07-30', 'Hadir'),
(7632, 4021, '2025-07-30', 'Hadir'),
(7633, 4022, '2025-07-30', 'Hadir'),
(7634, 4023, '2025-07-30', 'Hadir'),
(7635, 4024, '2025-07-30', 'Hadir'),
(7636, 4025, '2025-07-30', 'Hadir'),
(7637, 4026, '2025-07-30', 'Hadir'),
(7638, 4027, '2025-07-30', 'Hadir'),
(7639, 4028, '2025-07-30', 'Hadir'),
(7640, 4029, '2025-07-30', 'Hadir'),
(7641, 4030, '2025-07-30', 'Hadir'),
(7642, 4031, '2025-07-30', 'Hadir'),
(7643, 4032, '2025-07-30', 'Hadir'),
(7644, 4033, '2025-07-30', 'Hadir'),
(7645, 4034, '2025-07-30', 'Hadir'),
(7646, 4035, '2025-07-30', 'Hadir'),
(7647, 4036, '2025-07-30', 'Hadir'),
(7648, 4037, '2025-07-30', 'Hadir'),
(7649, 4038, '2025-07-30', 'Hadir'),
(7650, 3155, '2025-07-31', 'Hadir'),
(7651, 3156, '2025-07-31', 'Hadir'),
(7652, 3157, '2025-07-31', 'Hadir'),
(7653, 3158, '2025-07-31', 'Hadir'),
(7654, 3159, '2025-07-31', 'Hadir'),
(7655, 3160, '2025-07-31', 'Hadir'),
(7656, 3161, '2025-07-31', 'Hadir'),
(7657, 3162, '2025-07-31', 'Hadir'),
(7658, 3163, '2025-07-31', 'Hadir'),
(7659, 3164, '2025-07-31', 'Hadir'),
(7660, 3165, '2025-07-31', 'Hadir'),
(7661, 3166, '2025-07-31', 'Hadir'),
(7662, 3167, '2025-07-31', 'Hadir'),
(7663, 3168, '2025-07-31', 'Hadir'),
(7664, 3170, '2025-07-31', 'Hadir'),
(7665, 3169, '2025-07-31', 'Hadir'),
(7666, 3171, '2025-07-31', 'Hadir'),
(7667, 3172, '2025-07-31', 'Hadir'),
(7668, 3173, '2025-07-31', 'Hadir'),
(7669, 3174, '2025-07-31', 'Hadir'),
(7670, 3175, '2025-07-31', 'Hadir'),
(7671, 3176, '2025-07-31', 'Hadir'),
(7672, 3177, '2025-07-31', 'Hadir'),
(7673, 3178, '2025-07-31', 'Hadir'),
(7674, 3179, '2025-07-31', 'Hadir'),
(7675, 3180, '2025-07-31', 'Hadir'),
(7676, 3181, '2025-07-31', 'Hadir'),
(7677, 3182, '2025-07-31', 'Hadir'),
(7678, 3183, '2025-07-31', 'Hadir'),
(7679, 3184, '2025-07-31', 'Hadir'),
(7680, 3185, '2025-07-31', 'Hadir'),
(7681, 3186, '2025-07-31', 'Hadir'),
(7682, 3187, '2025-07-31', 'Hadir'),
(7683, 3188, '2025-07-31', 'Hadir'),
(7684, 4039, '2025-08-01', 'Hadir'),
(7685, 4040, '2025-08-01', 'Hadir'),
(7686, 4041, '2025-08-01', 'Hadir'),
(7687, 4042, '2025-08-01', 'Hadir'),
(7688, 4043, '2025-08-01', 'Hadir'),
(7689, 4044, '2025-08-01', 'Hadir'),
(7690, 4045, '2025-08-01', 'Hadir'),
(7691, 4046, '2025-08-01', 'Hadir'),
(7692, 4047, '2025-08-01', 'Hadir'),
(7693, 4048, '2025-08-01', 'Hadir'),
(7694, 4049, '2025-08-01', 'Terlambat'),
(7695, 4050, '2025-08-01', 'Hadir'),
(7696, 4051, '2025-08-01', 'Hadir'),
(7697, 4229, '2025-08-01', 'Hadir'),
(7698, 4052, '2025-08-01', 'Hadir'),
(7699, 4053, '2025-08-01', 'Hadir'),
(7700, 4054, '2025-08-01', 'Hadir'),
(7701, 4055, '2025-08-01', 'Hadir'),
(7702, 4056, '2025-08-01', 'Hadir'),
(7703, 4057, '2025-08-01', 'Hadir'),
(7704, 4058, '2025-08-01', 'Hadir'),
(7705, 4059, '2025-08-01', 'Hadir'),
(7706, 4060, '2025-08-01', 'Hadir'),
(7707, 4061, '2025-08-01', 'Hadir'),
(7708, 4062, '2025-08-01', 'Hadir'),
(7709, 4063, '2025-08-01', 'Hadir'),
(7710, 4064, '2025-08-01', 'Hadir'),
(7711, 4065, '2025-08-01', 'Hadir'),
(7712, 4066, '2025-08-01', 'Hadir'),
(7713, 4067, '2025-08-01', 'Hadir'),
(7714, 4068, '2025-08-01', 'Hadir'),
(7715, 4069, '2025-08-01', 'Hadir'),
(7716, 4070, '2025-08-01', 'Hadir'),
(7717, 4071, '2025-08-01', 'Hadir'),
(7718, 4072, '2025-08-01', 'Hadir'),
(7719, 4073, '2025-08-01', 'Hadir'),
(7720, 4074, '2025-08-01', 'Hadir'),
(7721, 4075, '2025-08-01', 'Hadir'),
(7722, 4076, '2025-08-01', 'Hadir'),
(7723, 4077, '2025-08-01', 'Hadir'),
(7724, 4078, '2025-08-01', 'Hadir'),
(7725, 4079, '2025-08-01', 'Hadir'),
(7726, 4080, '2025-08-01', 'Hadir'),
(7727, 4081, '2025-08-01', 'Hadir'),
(7728, 4082, '2025-08-01', 'Hadir'),
(7729, 4083, '2025-08-01', 'Hadir'),
(7730, 4084, '2025-08-01', 'Hadir'),
(7731, 4085, '2025-08-01', 'Hadir'),
(7732, 3943, '2025-08-04', 'Hadir'),
(7733, 3944, '2025-08-04', 'Hadir'),
(7734, 3945, '2025-08-04', 'Hadir'),
(7735, 3946, '2025-08-04', 'Hadir'),
(7736, 3947, '2025-08-04', 'Sakit'),
(7737, 3948, '2025-08-04', 'Hadir'),
(7738, 3949, '2025-08-04', 'Hadir'),
(7739, 3950, '2025-08-04', 'Hadir'),
(7740, 3951, '2025-08-04', 'Sakit'),
(7741, 3952, '2025-08-04', 'Hadir'),
(7742, 3953, '2025-08-04', 'Sakit'),
(7743, 3954, '2025-08-04', 'Hadir'),
(7744, 3955, '2025-08-04', 'Hadir'),
(7745, 3956, '2025-08-04', 'Hadir'),
(7746, 3957, '2025-08-04', 'Hadir'),
(7747, 3958, '2025-08-04', 'Hadir'),
(7748, 3959, '2025-08-04', 'Hadir'),
(7749, 3960, '2025-08-04', 'Hadir'),
(7750, 3961, '2025-08-04', 'Hadir'),
(7751, 3962, '2025-08-04', 'Hadir'),
(7752, 3963, '2025-08-04', 'Sakit'),
(7753, 3964, '2025-08-04', 'Hadir'),
(7754, 3965, '2025-08-04', 'Hadir'),
(7755, 3966, '2025-08-04', 'Hadir'),
(7756, 3967, '2025-08-04', 'Hadir'),
(7757, 3968, '2025-08-04', 'Hadir'),
(7758, 3969, '2025-08-04', 'Hadir'),
(7759, 3970, '2025-08-04', 'Hadir'),
(7760, 3971, '2025-08-04', 'Hadir'),
(7761, 3972, '2025-08-04', 'Hadir'),
(7762, 3973, '2025-08-04', 'Hadir'),
(7763, 3974, '2025-08-04', 'Hadir'),
(7764, 3975, '2025-08-04', 'Hadir'),
(7765, 3976, '2025-08-04', 'Hadir'),
(7766, 3977, '2025-08-04', 'Hadir'),
(7767, 3978, '2025-08-04', 'Hadir'),
(7768, 3979, '2025-08-04', 'Hadir'),
(7769, 3980, '2025-08-04', 'Hadir'),
(7770, 3981, '2025-08-04', 'Hadir'),
(7771, 3982, '2025-08-04', 'Hadir'),
(7772, 3983, '2025-08-04', 'Hadir'),
(7773, 3984, '2025-08-04', 'Hadir'),
(7774, 3985, '2025-08-04', 'Hadir'),
(7775, 3986, '2025-08-04', 'Sakit'),
(7776, 3987, '2025-08-04', 'Hadir'),
(7777, 3988, '2025-08-04', 'Hadir'),
(7778, 3989, '2025-08-04', 'Hadir'),
(7779, 3990, '2025-08-04', 'Hadir'),
(7780, 3297, '2025-08-05', 'Hadir'),
(7781, 3298, '2025-08-05', 'Hadir'),
(7782, 3299, '2025-08-05', 'Hadir'),
(7783, 3300, '2025-08-05', 'Hadir'),
(7784, 3301, '2025-08-05', 'Hadir'),
(7785, 3302, '2025-08-05', 'Hadir'),
(7786, 3303, '2025-08-05', 'Hadir'),
(7787, 3304, '2025-08-05', 'Hadir'),
(7788, 3305, '2025-08-05', 'Hadir'),
(7789, 3306, '2025-08-05', 'Hadir'),
(7790, 3307, '2025-08-05', 'Hadir'),
(7791, 3308, '2025-08-05', 'Hadir'),
(7792, 3309, '2025-08-05', 'Hadir'),
(7793, 3310, '2025-08-05', 'Hadir'),
(7794, 3311, '2025-08-05', 'Hadir'),
(7795, 3312, '2025-08-05', 'Hadir'),
(7796, 3313, '2025-08-05', 'Hadir'),
(7797, 3314, '2025-08-05', 'Hadir'),
(7798, 3315, '2025-08-05', 'Hadir'),
(7799, 3316, '2025-08-05', 'Hadir'),
(7800, 3317, '2025-08-05', 'Hadir'),
(7801, 3318, '2025-08-05', 'Hadir'),
(7802, 3319, '2025-08-05', 'Hadir'),
(7803, 3320, '2025-08-05', 'Hadir'),
(7804, 3321, '2025-08-05', 'Hadir'),
(7805, 3322, '2025-08-05', 'Hadir'),
(7806, 3323, '2025-08-05', 'Hadir'),
(7807, 3324, '2025-08-05', 'Hadir'),
(7808, 3325, '2025-08-05', 'Hadir'),
(7809, 3326, '2025-08-05', 'Hadir'),
(7810, 3327, '2025-08-05', 'Hadir'),
(7811, 3328, '2025-08-05', 'Hadir'),
(7812, 3329, '2025-08-05', 'Hadir'),
(7813, 3330, '2025-08-05', 'Hadir'),
(7814, 3331, '2025-08-05', 'Hadir'),
(7815, 3332, '2025-08-05', 'Hadir'),
(7816, 3333, '2025-08-05', 'Hadir'),
(7817, 3334, '2025-08-05', 'Hadir'),
(7818, 3335, '2025-08-05', 'Izin'),
(7819, 3155, '2025-08-07', 'Hadir'),
(7820, 3156, '2025-08-07', 'Hadir'),
(7821, 3157, '2025-08-07', 'Hadir'),
(7822, 3158, '2025-08-07', 'Hadir'),
(7823, 3159, '2025-08-07', 'Hadir'),
(7824, 3160, '2025-08-07', 'Hadir'),
(7825, 3161, '2025-08-07', 'Hadir'),
(7826, 3162, '2025-08-07', 'Hadir'),
(7827, 3163, '2025-08-07', 'Hadir'),
(7828, 3164, '2025-08-07', 'Hadir'),
(7829, 3165, '2025-08-07', 'Hadir'),
(7830, 3166, '2025-08-07', 'Hadir'),
(7831, 3167, '2025-08-07', 'Hadir'),
(7832, 3168, '2025-08-07', 'Hadir'),
(7833, 3170, '2025-08-07', 'Hadir'),
(7834, 3169, '2025-08-07', 'Hadir'),
(7835, 3171, '2025-08-07', 'Hadir'),
(7836, 3172, '2025-08-07', 'Hadir'),
(7837, 3173, '2025-08-07', 'Hadir'),
(7838, 3174, '2025-08-07', 'Hadir'),
(7839, 3175, '2025-08-07', 'Hadir'),
(7840, 3176, '2025-08-07', 'Hadir'),
(7841, 3177, '2025-08-07', 'Hadir'),
(7842, 3178, '2025-08-07', 'Hadir'),
(7843, 3179, '2025-08-07', 'Hadir'),
(7844, 3180, '2025-08-07', 'Hadir'),
(7845, 3181, '2025-08-07', 'Hadir'),
(7846, 3182, '2025-08-07', 'Hadir'),
(7847, 3183, '2025-08-07', 'Hadir'),
(7848, 3184, '2025-08-07', 'Hadir'),
(7849, 3185, '2025-08-07', 'Hadir'),
(7850, 3186, '2025-08-07', 'Hadir'),
(7851, 3187, '2025-08-07', 'Hadir'),
(7852, 3188, '2025-08-07', 'Hadir'),
(7853, 4039, '2025-08-08', 'Terlambat'),
(7854, 4040, '2025-08-08', 'Hadir'),
(7855, 4041, '2025-08-08', 'Hadir'),
(7856, 4042, '2025-08-08', 'Hadir'),
(7857, 4043, '2025-08-08', 'Hadir'),
(7858, 4044, '2025-08-08', 'Hadir'),
(7859, 4045, '2025-08-08', 'Hadir'),
(7860, 4046, '2025-08-08', 'Hadir'),
(7861, 4047, '2025-08-08', 'Hadir'),
(7862, 4048, '2025-08-08', 'Hadir'),
(7863, 4049, '2025-08-08', 'Hadir'),
(7864, 4050, '2025-08-08', 'Hadir'),
(7865, 4051, '2025-08-08', 'Hadir'),
(7866, 4229, '2025-08-08', 'Hadir'),
(7867, 4052, '2025-08-08', 'Hadir'),
(7868, 4053, '2025-08-08', 'Hadir'),
(7869, 4054, '2025-08-08', 'Sakit'),
(7870, 4055, '2025-08-08', 'Terlambat'),
(7871, 4056, '2025-08-08', 'Terlambat'),
(7872, 4057, '2025-08-08', 'Hadir'),
(7873, 4058, '2025-08-08', 'Hadir'),
(7874, 4059, '2025-08-08', 'Hadir'),
(7875, 4060, '2025-08-08', 'Hadir'),
(7876, 4061, '2025-08-08', 'Hadir'),
(7877, 4062, '2025-08-08', 'Hadir'),
(7878, 4063, '2025-08-08', 'Hadir'),
(7879, 4064, '2025-08-08', 'Hadir'),
(7880, 4065, '2025-08-08', 'Hadir'),
(7881, 4066, '2025-08-08', 'Hadir'),
(7882, 4067, '2025-08-08', 'Hadir'),
(7883, 4068, '2025-08-08', 'Hadir'),
(7884, 4069, '2025-08-08', 'Hadir'),
(7885, 4070, '2025-08-08', 'Hadir'),
(7886, 4071, '2025-08-08', 'Hadir'),
(7887, 4072, '2025-08-08', 'Sakit'),
(7888, 4073, '2025-08-08', 'Hadir'),
(7889, 4074, '2025-08-08', 'Hadir'),
(7890, 4075, '2025-08-08', 'Hadir'),
(7891, 4076, '2025-08-08', 'Hadir'),
(7892, 4077, '2025-08-08', 'Hadir'),
(7893, 4078, '2025-08-08', 'Hadir'),
(7894, 4079, '2025-08-08', 'Hadir'),
(7895, 4080, '2025-08-08', 'Hadir'),
(7896, 4081, '2025-08-08', 'Hadir'),
(7897, 4082, '2025-08-08', 'Hadir'),
(7898, 4083, '2025-08-08', 'Hadir'),
(7899, 4084, '2025-08-08', 'Hadir'),
(7900, 4085, '2025-08-08', 'Hadir'),
(7901, 3943, '2025-08-11', 'Hadir'),
(7902, 3944, '2025-08-11', 'Hadir'),
(7903, 3945, '2025-08-11', 'Hadir'),
(7904, 3946, '2025-08-11', 'Terlambat'),
(7905, 3947, '2025-08-11', 'Hadir'),
(7906, 3948, '2025-08-11', 'Hadir'),
(7907, 3949, '2025-08-11', 'Hadir'),
(7908, 3950, '2025-08-11', 'Hadir'),
(7909, 3951, '2025-08-11', 'Hadir'),
(7910, 3952, '2025-08-11', 'Hadir'),
(7911, 3953, '2025-08-11', 'Hadir'),
(7912, 3954, '2025-08-11', 'Hadir'),
(7913, 3955, '2025-08-11', 'Hadir'),
(7914, 3956, '2025-08-11', 'Sakit'),
(7915, 3957, '2025-08-11', 'Hadir'),
(7916, 3958, '2025-08-11', 'Hadir'),
(7917, 3959, '2025-08-11', 'Hadir'),
(7918, 3960, '2025-08-11', 'Hadir'),
(7919, 3961, '2025-08-11', 'Hadir'),
(7920, 3962, '2025-08-11', 'Hadir'),
(7921, 3963, '2025-08-11', 'Hadir'),
(7922, 3964, '2025-08-11', 'Hadir'),
(7923, 3965, '2025-08-11', 'Hadir'),
(7924, 3966, '2025-08-11', 'Hadir'),
(7925, 3967, '2025-08-11', 'Hadir'),
(7926, 3968, '2025-08-11', 'Hadir'),
(7927, 3969, '2025-08-11', 'Hadir'),
(7928, 3970, '2025-08-11', 'Hadir'),
(7929, 3971, '2025-08-11', 'Hadir'),
(7930, 3972, '2025-08-11', 'Hadir'),
(7931, 3973, '2025-08-11', 'Hadir'),
(7932, 3974, '2025-08-11', 'Hadir'),
(7933, 3975, '2025-08-11', 'Hadir'),
(7934, 3976, '2025-08-11', 'Hadir'),
(7935, 3977, '2025-08-11', 'Hadir'),
(7936, 3978, '2025-08-11', 'Hadir'),
(7937, 3979, '2025-08-11', 'Hadir'),
(7938, 3980, '2025-08-11', 'Hadir'),
(7939, 3981, '2025-08-11', 'Hadir'),
(7940, 3982, '2025-08-11', 'Hadir'),
(7941, 3983, '2025-08-11', 'Hadir'),
(7942, 3984, '2025-08-11', 'Sakit'),
(7943, 3985, '2025-08-11', 'Hadir'),
(7944, 3986, '2025-08-11', 'Hadir'),
(7945, 3987, '2025-08-11', 'Hadir'),
(7946, 3988, '2025-08-11', 'Hadir'),
(7947, 3989, '2025-08-11', 'Hadir'),
(7948, 3990, '2025-08-11', 'Hadir'),
(7949, 3261, '2025-08-11', 'Hadir'),
(7950, 3262, '2025-08-11', 'Hadir'),
(7951, 3263, '2025-08-11', 'Hadir'),
(7952, 3264, '2025-08-11', 'Hadir'),
(7953, 3265, '2025-08-11', 'Hadir'),
(7954, 3266, '2025-08-11', 'Hadir'),
(7955, 3267, '2025-08-11', 'Sakit'),
(7956, 3268, '2025-08-11', 'Hadir'),
(7957, 3269, '2025-08-11', 'Hadir'),
(7958, 3270, '2025-08-11', 'Hadir'),
(7959, 3271, '2025-08-11', 'Hadir'),
(7960, 3272, '2025-08-11', 'Sakit'),
(7961, 3273, '2025-08-11', 'Hadir'),
(7962, 3274, '2025-08-11', 'Hadir'),
(7963, 3275, '2025-08-11', 'Hadir'),
(7964, 3276, '2025-08-11', 'Hadir'),
(7965, 3277, '2025-08-11', 'Hadir'),
(7966, 3278, '2025-08-11', 'Hadir'),
(7967, 3279, '2025-08-11', 'Hadir'),
(7968, 3280, '2025-08-11', 'Hadir'),
(7969, 3281, '2025-08-11', 'Hadir'),
(7970, 3282, '2025-08-11', 'Hadir'),
(7971, 3283, '2025-08-11', 'Hadir'),
(7972, 3284, '2025-08-11', 'Hadir'),
(7973, 3285, '2025-08-11', 'Hadir'),
(7974, 3286, '2025-08-11', 'Hadir'),
(7975, 3287, '2025-08-11', 'Hadir'),
(7976, 3288, '2025-08-11', 'Hadir'),
(7977, 3289, '2025-08-11', 'Hadir'),
(7978, 3290, '2025-08-11', 'Hadir'),
(7979, 3291, '2025-08-11', 'Hadir'),
(7980, 3292, '2025-08-11', 'Hadir'),
(7981, 3293, '2025-08-11', 'Hadir'),
(7982, 3294, '2025-08-11', 'Hadir'),
(7983, 3295, '2025-08-11', 'Hadir'),
(7984, 3296, '2025-08-11', 'Hadir'),
(7985, 3297, '2025-08-12', 'Hadir'),
(7986, 3298, '2025-08-12', 'Hadir'),
(7987, 3299, '2025-08-12', 'Hadir'),
(7988, 3300, '2025-08-12', 'Hadir'),
(7989, 3301, '2025-08-12', 'Hadir'),
(7990, 3302, '2025-08-12', 'Hadir'),
(7991, 3303, '2025-08-12', 'Hadir'),
(7992, 3304, '2025-08-12', 'Hadir'),
(7993, 3305, '2025-08-12', 'Hadir'),
(7994, 3306, '2025-08-12', 'Hadir'),
(7995, 3307, '2025-08-12', 'Hadir'),
(7996, 3308, '2025-08-12', 'Hadir'),
(7997, 3309, '2025-08-12', 'Hadir'),
(7998, 3310, '2025-08-12', 'Hadir'),
(7999, 3311, '2025-08-12', 'Hadir'),
(8000, 3312, '2025-08-12', 'Hadir'),
(8001, 3313, '2025-08-12', 'Hadir'),
(8002, 3314, '2025-08-12', 'Hadir'),
(8003, 3315, '2025-08-12', 'Hadir'),
(8004, 3316, '2025-08-12', 'Hadir'),
(8005, 3317, '2025-08-12', 'Hadir'),
(8006, 3318, '2025-08-12', 'Hadir'),
(8007, 3319, '2025-08-12', 'Hadir'),
(8008, 3320, '2025-08-12', 'Hadir'),
(8009, 3321, '2025-08-12', 'Hadir'),
(8010, 3322, '2025-08-12', 'Hadir'),
(8011, 3323, '2025-08-12', 'Hadir'),
(8012, 3324, '2025-08-12', 'Hadir'),
(8013, 3325, '2025-08-12', 'Hadir'),
(8014, 3326, '2025-08-12', 'Hadir'),
(8015, 3327, '2025-08-12', 'Hadir'),
(8016, 3328, '2025-08-12', 'Hadir'),
(8017, 3329, '2025-08-12', 'Hadir'),
(8018, 3330, '2025-08-12', 'Hadir'),
(8019, 3331, '2025-08-12', 'Hadir'),
(8020, 3332, '2025-08-12', 'Hadir'),
(8021, 3333, '2025-08-12', 'Hadir'),
(8022, 3334, '2025-08-12', 'Hadir'),
(8023, 3335, '2025-08-12', 'Hadir'),
(8024, 3991, '2025-08-13', 'Hadir'),
(8025, 3992, '2025-08-13', 'Hadir'),
(8026, 3993, '2025-08-13', 'Hadir'),
(8027, 3994, '2025-08-13', 'Hadir'),
(8028, 3995, '2025-08-13', 'Hadir'),
(8029, 3996, '2025-08-13', 'Hadir'),
(8030, 3997, '2025-08-13', 'Hadir'),
(8031, 3998, '2025-08-13', 'Hadir'),
(8032, 3999, '2025-08-13', 'Hadir'),
(8033, 4000, '2025-08-13', 'Hadir'),
(8034, 4001, '2025-08-13', 'Hadir'),
(8035, 4002, '2025-08-13', 'Hadir'),
(8036, 4003, '2025-08-13', 'Hadir'),
(8037, 4004, '2025-08-13', 'Hadir'),
(8038, 4005, '2025-08-13', 'Hadir'),
(8039, 4006, '2025-08-13', 'Hadir'),
(8040, 4007, '2025-08-13', 'Hadir'),
(8041, 4008, '2025-08-13', 'Hadir'),
(8042, 4009, '2025-08-13', 'Hadir'),
(8043, 4010, '2025-08-13', 'Hadir'),
(8044, 4011, '2025-08-13', 'Hadir'),
(8045, 4012, '2025-08-13', 'Hadir'),
(8046, 4013, '2025-08-13', 'Hadir'),
(8047, 4014, '2025-08-13', 'Hadir'),
(8048, 4015, '2025-08-13', 'Hadir'),
(8049, 4016, '2025-08-13', 'Hadir'),
(8050, 4017, '2025-08-13', 'Hadir'),
(8051, 4018, '2025-08-13', 'Hadir'),
(8052, 4019, '2025-08-13', 'Hadir'),
(8053, 4020, '2025-08-13', 'Hadir'),
(8054, 4021, '2025-08-13', 'Hadir'),
(8055, 4022, '2025-08-13', 'Hadir'),
(8056, 4023, '2025-08-13', 'Hadir'),
(8057, 4024, '2025-08-13', 'Hadir'),
(8058, 4025, '2025-08-13', 'Hadir'),
(8059, 4026, '2025-08-13', 'Hadir'),
(8060, 4027, '2025-08-13', 'Hadir'),
(8061, 4028, '2025-08-13', 'Hadir'),
(8062, 4029, '2025-08-13', 'Hadir'),
(8063, 4030, '2025-08-13', 'Hadir'),
(8064, 4031, '2025-08-13', 'Hadir'),
(8065, 4032, '2025-08-13', 'Hadir'),
(8066, 4033, '2025-08-13', 'Hadir'),
(8067, 4034, '2025-08-13', 'Hadir'),
(8068, 4035, '2025-08-13', 'Hadir'),
(8069, 4036, '2025-08-13', 'Hadir'),
(8070, 4037, '2025-08-13', 'Hadir'),
(8071, 4038, '2025-08-13', 'Hadir'),
(8072, 3155, '2025-08-13', 'Hadir'),
(8073, 3156, '2025-08-13', 'Hadir'),
(8074, 3157, '2025-08-13', 'Hadir'),
(8075, 3158, '2025-08-13', 'Hadir'),
(8076, 3159, '2025-08-13', 'Hadir'),
(8077, 3160, '2025-08-13', 'Hadir'),
(8078, 3161, '2025-08-13', 'Hadir'),
(8079, 3162, '2025-08-13', 'Hadir'),
(8080, 3163, '2025-08-13', 'Hadir'),
(8081, 3164, '2025-08-13', 'Hadir'),
(8082, 3165, '2025-08-13', 'Hadir'),
(8083, 3166, '2025-08-13', 'Hadir'),
(8084, 3167, '2025-08-13', 'Hadir'),
(8085, 3168, '2025-08-13', 'Hadir'),
(8086, 3170, '2025-08-13', 'Hadir'),
(8087, 3169, '2025-08-13', 'Hadir'),
(8088, 3171, '2025-08-13', 'Hadir'),
(8089, 3172, '2025-08-13', 'Hadir'),
(8090, 3173, '2025-08-13', 'Hadir'),
(8091, 3174, '2025-08-13', 'Hadir'),
(8092, 3175, '2025-08-13', 'Hadir'),
(8093, 3176, '2025-08-13', 'Hadir'),
(8094, 3177, '2025-08-13', 'Hadir'),
(8095, 3178, '2025-08-13', 'Hadir'),
(8096, 3179, '2025-08-13', 'Hadir'),
(8097, 3180, '2025-08-13', 'Hadir'),
(8098, 3181, '2025-08-13', 'Sakit'),
(8099, 3182, '2025-08-13', 'Hadir'),
(8100, 3183, '2025-08-13', 'Hadir'),
(8101, 3184, '2025-08-13', 'Hadir'),
(8102, 3185, '2025-08-13', 'Hadir'),
(8103, 3186, '2025-08-13', 'Hadir'),
(8104, 3187, '2025-08-13', 'Hadir'),
(8105, 3188, '2025-08-13', 'Hadir'),
(8106, 3155, '2025-08-14', 'Hadir'),
(8107, 3156, '2025-08-14', 'Hadir'),
(8108, 3157, '2025-08-14', 'Hadir'),
(8109, 3158, '2025-08-14', 'Hadir'),
(8110, 3159, '2025-08-14', 'Hadir'),
(8111, 3160, '2025-08-14', 'Hadir'),
(8112, 3161, '2025-08-14', 'Hadir'),
(8113, 3162, '2025-08-14', 'Hadir'),
(8114, 3163, '2025-08-14', 'Hadir'),
(8115, 3164, '2025-08-14', 'Hadir'),
(8116, 3165, '2025-08-14', 'Hadir'),
(8117, 3166, '2025-08-14', 'Hadir'),
(8118, 3167, '2025-08-14', 'Hadir'),
(8119, 3168, '2025-08-14', 'Hadir'),
(8120, 3170, '2025-08-14', 'Hadir'),
(8121, 3169, '2025-08-14', 'Hadir'),
(8122, 3171, '2025-08-14', 'Hadir'),
(8123, 3172, '2025-08-14', 'Hadir'),
(8124, 3173, '2025-08-14', 'Hadir'),
(8125, 3174, '2025-08-14', 'Hadir'),
(8126, 3175, '2025-08-14', 'Hadir'),
(8127, 3176, '2025-08-14', 'Hadir'),
(8128, 3177, '2025-08-14', 'Hadir'),
(8129, 3178, '2025-08-14', 'Hadir'),
(8130, 3179, '2025-08-14', 'Hadir'),
(8131, 3180, '2025-08-14', 'Hadir'),
(8132, 3181, '2025-08-14', 'Sakit'),
(8133, 3182, '2025-08-14', 'Hadir'),
(8134, 3183, '2025-08-14', 'Hadir'),
(8135, 3184, '2025-08-14', 'Hadir'),
(8136, 3185, '2025-08-14', 'Hadir'),
(8137, 3186, '2025-08-14', 'Hadir'),
(8138, 3187, '2025-08-14', 'Hadir'),
(8139, 3188, '2025-08-14', 'Hadir'),
(8140, 3991, '2025-08-20', 'Hadir'),
(8141, 3992, '2025-08-20', 'Hadir'),
(8142, 3993, '2025-08-20', 'Hadir'),
(8143, 3994, '2025-08-20', 'Hadir'),
(8144, 3995, '2025-08-20', 'Hadir'),
(8145, 3996, '2025-08-20', 'Hadir'),
(8146, 3997, '2025-08-20', 'Hadir'),
(8147, 3998, '2025-08-20', 'Hadir'),
(8148, 3999, '2025-08-20', 'Hadir'),
(8149, 4000, '2025-08-20', 'Sakit'),
(8150, 4001, '2025-08-20', 'Sakit'),
(8151, 4002, '2025-08-20', 'Hadir'),
(8152, 4003, '2025-08-20', 'Hadir'),
(8153, 4004, '2025-08-20', 'Hadir'),
(8154, 4005, '2025-08-20', 'Hadir'),
(8155, 4006, '2025-08-20', 'Hadir'),
(8156, 4007, '2025-08-20', 'Hadir'),
(8157, 4008, '2025-08-20', 'Hadir'),
(8158, 4009, '2025-08-20', 'Hadir'),
(8159, 4010, '2025-08-20', 'Hadir'),
(8160, 4011, '2025-08-20', 'Hadir'),
(8161, 4012, '2025-08-20', 'Hadir'),
(8162, 4013, '2025-08-20', 'Hadir'),
(8163, 4014, '2025-08-20', 'Hadir'),
(8164, 4015, '2025-08-20', 'Hadir'),
(8165, 4016, '2025-08-20', 'Hadir'),
(8166, 4017, '2025-08-20', 'Hadir'),
(8167, 4018, '2025-08-20', 'Hadir'),
(8168, 4019, '2025-08-20', 'Hadir'),
(8169, 4020, '2025-08-20', 'Hadir'),
(8170, 4021, '2025-08-20', 'Sakit'),
(8171, 4022, '2025-08-20', 'Hadir'),
(8172, 4023, '2025-08-20', 'Hadir'),
(8173, 4024, '2025-08-20', 'Hadir'),
(8174, 4025, '2025-08-20', 'Terlambat'),
(8175, 4026, '2025-08-20', 'Hadir'),
(8176, 4027, '2025-08-20', 'Hadir'),
(8177, 4028, '2025-08-20', 'Hadir'),
(8178, 4029, '2025-08-20', 'Hadir'),
(8179, 4030, '2025-08-20', 'Hadir'),
(8180, 4031, '2025-08-20', 'Hadir'),
(8181, 4032, '2025-08-20', 'Hadir'),
(8182, 4033, '2025-08-20', 'Sakit'),
(8183, 4034, '2025-08-20', 'Hadir'),
(8184, 4035, '2025-08-20', 'Hadir'),
(8185, 4036, '2025-08-20', 'Sakit'),
(8186, 4037, '2025-08-20', 'Hadir'),
(8187, 4038, '2025-08-20', 'Hadir'),
(8188, 3155, '2025-08-21', 'Hadir'),
(8189, 3156, '2025-08-21', 'Hadir'),
(8190, 3157, '2025-08-21', 'Hadir'),
(8191, 3158, '2025-08-21', 'Hadir'),
(8192, 3159, '2025-08-21', 'Hadir'),
(8193, 3160, '2025-08-21', 'Hadir'),
(8194, 3161, '2025-08-21', 'Hadir'),
(8195, 3162, '2025-08-21', 'Hadir'),
(8196, 3163, '2025-08-21', 'Terlambat'),
(8197, 3164, '2025-08-21', 'Hadir'),
(8198, 3165, '2025-08-21', 'Hadir'),
(8199, 3166, '2025-08-21', 'Hadir'),
(8200, 3167, '2025-08-21', 'Hadir'),
(8201, 3168, '2025-08-21', 'Hadir'),
(8202, 3170, '2025-08-21', 'Hadir'),
(8203, 3169, '2025-08-21', 'Hadir'),
(8204, 3171, '2025-08-21', 'Hadir'),
(8205, 3172, '2025-08-21', 'Hadir'),
(8206, 3173, '2025-08-21', 'Hadir'),
(8207, 3174, '2025-08-21', 'Hadir'),
(8208, 3175, '2025-08-21', 'Hadir'),
(8209, 3176, '2025-08-21', 'Terlambat'),
(8210, 3177, '2025-08-21', 'Hadir'),
(8211, 3178, '2025-08-21', 'Hadir'),
(8212, 3179, '2025-08-21', 'Hadir'),
(8213, 3180, '2025-08-21', 'Hadir'),
(8214, 3181, '2025-08-21', 'Hadir'),
(8215, 3182, '2025-08-21', 'Hadir'),
(8216, 3183, '2025-08-21', 'Hadir'),
(8217, 3184, '2025-08-21', 'Hadir'),
(8218, 3185, '2025-08-21', 'Hadir'),
(8219, 3186, '2025-08-21', 'Hadir'),
(8220, 3187, '2025-08-21', 'Hadir'),
(8221, 3188, '2025-08-21', 'Hadir'),
(8222, 4039, '2025-08-22', 'Hadir'),
(8223, 4040, '2025-08-22', 'Hadir'),
(8224, 4041, '2025-08-22', 'Hadir'),
(8225, 4042, '2025-08-22', 'Hadir'),
(8226, 4043, '2025-08-22', 'Hadir'),
(8227, 4044, '2025-08-22', 'Hadir'),
(8228, 4045, '2025-08-22', 'Hadir'),
(8229, 4046, '2025-08-22', 'Hadir'),
(8230, 4047, '2025-08-22', 'Hadir'),
(8231, 4048, '2025-08-22', 'Hadir'),
(8232, 4049, '2025-08-22', 'Terlambat'),
(8233, 4050, '2025-08-22', 'Terlambat'),
(8234, 4051, '2025-08-22', 'Hadir'),
(8235, 4229, '2025-08-22', 'Hadir'),
(8236, 4052, '2025-08-22', 'Hadir'),
(8237, 4053, '2025-08-22', 'Hadir'),
(8238, 4054, '2025-08-22', 'Hadir'),
(8239, 4055, '2025-08-22', 'Hadir'),
(8240, 4056, '2025-08-22', 'Hadir'),
(8241, 4057, '2025-08-22', 'Hadir'),
(8242, 4058, '2025-08-22', 'Hadir'),
(8243, 4059, '2025-08-22', 'Hadir'),
(8244, 4060, '2025-08-22', 'Hadir'),
(8245, 4061, '2025-08-22', 'Hadir'),
(8246, 4062, '2025-08-22', 'Hadir'),
(8247, 4063, '2025-08-22', 'Hadir'),
(8248, 4064, '2025-08-22', 'Hadir'),
(8249, 4065, '2025-08-22', 'Hadir'),
(8250, 4066, '2025-08-22', 'Hadir'),
(8251, 4067, '2025-08-22', 'Hadir'),
(8252, 4068, '2025-08-22', 'Hadir'),
(8253, 4069, '2025-08-22', 'Hadir'),
(8254, 4070, '2025-08-22', 'Hadir'),
(8255, 4071, '2025-08-22', 'Hadir'),
(8256, 4072, '2025-08-22', 'Hadir'),
(8257, 4073, '2025-08-22', 'Hadir'),
(8258, 4074, '2025-08-22', 'Hadir'),
(8259, 4075, '2025-08-22', 'Hadir'),
(8260, 4076, '2025-08-22', 'Hadir'),
(8261, 4077, '2025-08-22', 'Hadir'),
(8262, 4078, '2025-08-22', 'Hadir'),
(8263, 4079, '2025-08-22', 'Hadir'),
(8264, 4080, '2025-08-22', 'Hadir'),
(8265, 4081, '2025-08-22', 'Hadir'),
(8266, 4082, '2025-08-22', 'Hadir'),
(8267, 4083, '2025-08-22', 'Terlambat'),
(8268, 4084, '2025-08-22', 'Hadir'),
(8269, 4085, '2025-08-22', 'Hadir'),
(8270, 0, '2025-08-22', 'Terlambat'),
(8271, 1, '2025-08-22', 'Hadir'),
(8272, 2, '2025-08-22', 'Hadir'),
(8273, 3, '2025-08-22', 'Hadir'),
(8274, 4, '2025-08-22', 'Hadir'),
(8275, 5, '2025-08-22', 'Hadir'),
(8276, 6, '2025-08-22', 'Hadir'),
(8277, 7, '2025-08-22', 'Hadir'),
(8278, 8, '2025-08-22', 'Hadir'),
(8279, 9, '2025-08-22', 'Hadir'),
(8280, 10, '2025-08-22', 'Hadir'),
(8281, 11, '2025-08-22', 'Hadir'),
(8282, 12, '2025-08-22', 'Hadir'),
(8283, 13, '2025-08-22', 'Hadir'),
(8284, 14, '2025-08-22', 'Hadir'),
(8285, 15, '2025-08-22', 'Hadir'),
(8286, 16, '2025-08-22', 'Hadir'),
(8287, 17, '2025-08-22', 'Hadir'),
(8288, 18, '2025-08-22', 'Hadir'),
(8289, 19, '2025-08-22', 'Hadir'),
(8290, 20, '2025-08-22', 'Hadir'),
(8291, 21, '2025-08-22', 'Hadir'),
(8292, 22, '2025-08-22', 'Hadir'),
(8293, 23, '2025-08-22', 'Hadir'),
(8294, 24, '2025-08-22', 'Hadir'),
(8295, 25, '2025-08-22', 'Hadir'),
(8296, 26, '2025-08-22', 'Hadir'),
(8297, 27, '2025-08-22', 'Hadir'),
(8298, 28, '2025-08-22', 'Hadir'),
(8299, 29, '2025-08-22', 'Hadir'),
(8300, 30, '2025-08-22', 'Hadir'),
(8301, 31, '2025-08-22', 'Hadir'),
(8302, 32, '2025-08-22', 'Hadir'),
(8303, 33, '2025-08-22', 'Hadir'),
(8304, 34, '2025-08-22', 'Hadir'),
(8305, 35, '2025-08-22', 'Hadir'),
(8306, 36, '2025-08-22', 'Hadir'),
(8307, 37, '2025-08-22', 'Hadir'),
(8308, 38, '2025-08-22', 'Hadir'),
(8309, 39, '2025-08-22', 'Hadir'),
(8310, 40, '2025-08-22', 'Hadir'),
(8311, 41, '2025-08-22', 'Hadir'),
(8312, 42, '2025-08-22', 'Hadir'),
(8313, 43, '2025-08-22', 'Hadir'),
(8314, 44, '2025-08-22', 'Hadir'),
(8315, 45, '2025-08-22', 'Terlambat'),
(8316, 46, '2025-08-22', 'Hadir'),
(8317, 47, '2025-08-22', 'Hadir'),
(8318, 0, '2025-08-25', 'Hadir'),
(8319, 1, '2025-08-25', 'Hadir'),
(8320, 2, '2025-08-25', 'Hadir'),
(8321, 3, '2025-08-25', 'Hadir'),
(8322, 4, '2025-08-25', 'Hadir'),
(8323, 5, '2025-08-25', 'Hadir'),
(8324, 6, '2025-08-25', 'Hadir'),
(8325, 7, '2025-08-25', 'Hadir'),
(8326, 8, '2025-08-25', 'Hadir'),
(8327, 9, '2025-08-25', 'Hadir'),
(8328, 10, '2025-08-25', 'Hadir'),
(8329, 11, '2025-08-25', 'Hadir'),
(8330, 12, '2025-08-25', 'Hadir'),
(8331, 13, '2025-08-25', 'Hadir'),
(8332, 14, '2025-08-25', 'Hadir'),
(8333, 15, '2025-08-25', 'Hadir'),
(8334, 16, '2025-08-25', 'Hadir'),
(8335, 17, '2025-08-25', 'Hadir'),
(8336, 18, '2025-08-25', 'Hadir'),
(8337, 19, '2025-08-25', 'Hadir'),
(8338, 20, '2025-08-25', 'Hadir'),
(8339, 21, '2025-08-25', 'Hadir'),
(8340, 22, '2025-08-25', 'Hadir'),
(8341, 23, '2025-08-25', 'Hadir'),
(8342, 24, '2025-08-25', 'Hadir'),
(8343, 25, '2025-08-25', 'Hadir'),
(8344, 26, '2025-08-25', 'Hadir'),
(8345, 27, '2025-08-25', 'Hadir'),
(8346, 28, '2025-08-25', 'Hadir'),
(8347, 29, '2025-08-25', 'Hadir'),
(8348, 30, '2025-08-25', 'Hadir'),
(8349, 31, '2025-08-25', 'Hadir'),
(8350, 32, '2025-08-25', 'Hadir'),
(8351, 33, '2025-08-25', 'Hadir'),
(8352, 34, '2025-08-25', 'Hadir'),
(8353, 35, '2025-08-25', 'Hadir'),
(8354, 36, '2025-08-25', 'Hadir'),
(8355, 37, '2025-08-25', 'Hadir'),
(8356, 38, '2025-08-25', 'Hadir'),
(8357, 39, '2025-08-25', 'Hadir'),
(8358, 40, '2025-08-25', 'Hadir'),
(8359, 41, '2025-08-25', 'Hadir'),
(8360, 42, '2025-08-25', 'Hadir'),
(8361, 43, '2025-08-25', 'Hadir'),
(8362, 44, '2025-08-25', 'Hadir'),
(8363, 45, '2025-08-25', 'Hadir'),
(8364, 46, '2025-08-25', 'Hadir'),
(8365, 47, '2025-08-25', 'Hadir'),
(8366, 3261, '2025-08-25', 'Hadir'),
(8367, 3262, '2025-08-25', 'Hadir'),
(8368, 3263, '2025-08-25', 'Hadir'),
(8369, 3264, '2025-08-25', 'Hadir'),
(8370, 3265, '2025-08-25', 'Hadir'),
(8371, 3266, '2025-08-25', 'Hadir'),
(8372, 3267, '2025-08-25', 'Hadir'),
(8373, 3268, '2025-08-25', 'Sakit'),
(8374, 3269, '2025-08-25', 'Hadir'),
(8375, 3270, '2025-08-25', 'Hadir'),
(8376, 3271, '2025-08-25', 'Hadir'),
(8377, 3272, '2025-08-25', 'Hadir'),
(8378, 3273, '2025-08-25', 'Hadir'),
(8379, 3274, '2025-08-25', 'Hadir'),
(8380, 3275, '2025-08-25', 'Hadir'),
(8381, 3276, '2025-08-25', 'Hadir'),
(8382, 3277, '2025-08-25', 'Hadir'),
(8383, 3278, '2025-08-25', 'Hadir'),
(8384, 3279, '2025-08-25', 'Hadir'),
(8385, 3280, '2025-08-25', 'Hadir'),
(8386, 3281, '2025-08-25', 'Hadir'),
(8387, 3282, '2025-08-25', 'Hadir'),
(8388, 3283, '2025-08-25', 'Hadir'),
(8389, 3284, '2025-08-25', 'Hadir'),
(8390, 3285, '2025-08-25', 'Hadir'),
(8391, 3286, '2025-08-25', 'Hadir'),
(8392, 3287, '2025-08-25', 'Hadir'),
(8393, 3288, '2025-08-25', 'Hadir'),
(8394, 3289, '2025-08-25', 'Hadir'),
(8395, 3290, '2025-08-25', 'Hadir'),
(8396, 3291, '2025-08-25', 'Hadir'),
(8397, 3292, '2025-08-25', 'Hadir'),
(8398, 3293, '2025-08-25', 'Hadir'),
(8399, 3294, '2025-08-25', 'Hadir'),
(8400, 3295, '2025-08-25', 'Hadir'),
(8401, 3296, '2025-08-25', 'Hadir'),
(8402, 3297, '2025-08-26', 'Hadir'),
(8403, 3298, '2025-08-26', 'Hadir'),
(8404, 3299, '2025-08-26', 'Hadir'),
(8405, 3300, '2025-08-26', 'Hadir'),
(8406, 3301, '2025-08-26', 'Hadir'),
(8407, 3302, '2025-08-26', 'Hadir'),
(8408, 3303, '2025-08-26', 'Hadir'),
(8409, 3304, '2025-08-26', 'Hadir'),
(8410, 3305, '2025-08-26', 'Hadir'),
(8411, 3306, '2025-08-26', 'Hadir'),
(8412, 3307, '2025-08-26', 'Hadir'),
(8413, 3308, '2025-08-26', 'Hadir'),
(8414, 3309, '2025-08-26', 'Hadir'),
(8415, 3310, '2025-08-26', 'Hadir'),
(8416, 3311, '2025-08-26', 'Hadir'),
(8417, 3312, '2025-08-26', 'Hadir'),
(8418, 3313, '2025-08-26', 'Hadir'),
(8419, 3314, '2025-08-26', 'Hadir'),
(8420, 3315, '2025-08-26', 'Hadir'),
(8421, 3316, '2025-08-26', 'Hadir'),
(8422, 3317, '2025-08-26', 'Hadir'),
(8423, 3318, '2025-08-26', 'Hadir'),
(8424, 3319, '2025-08-26', 'Hadir'),
(8425, 3320, '2025-08-26', 'Sakit'),
(8426, 3321, '2025-08-26', 'Hadir'),
(8427, 3322, '2025-08-26', 'Hadir'),
(8428, 3323, '2025-08-26', 'Hadir'),
(8429, 3324, '2025-08-26', 'Hadir'),
(8430, 3325, '2025-08-26', 'Hadir'),
(8431, 3326, '2025-08-26', 'Hadir'),
(8432, 3327, '2025-08-26', 'Hadir'),
(8433, 3328, '2025-08-26', 'Hadir'),
(8434, 3329, '2025-08-26', 'Hadir'),
(8435, 3330, '2025-08-26', 'Hadir'),
(8436, 3331, '2025-08-26', 'Hadir'),
(8437, 3332, '2025-08-26', 'Hadir'),
(8438, 3333, '2025-08-26', 'Hadir'),
(8439, 3334, '2025-08-26', 'Hadir'),
(8440, 3335, '2025-08-26', 'Hadir'),
(8441, 3991, '2025-08-27', 'Hadir'),
(8442, 3992, '2025-08-27', 'Hadir');
INSERT INTO `absensi` (`id`, `siswa_id`, `tanggal`, `status`) VALUES
(8443, 3993, '2025-08-27', 'Hadir'),
(8444, 3994, '2025-08-27', 'Hadir'),
(8445, 3995, '2025-08-27', 'Hadir'),
(8446, 3996, '2025-08-27', 'Hadir'),
(8447, 3997, '2025-08-27', 'Hadir'),
(8448, 3998, '2025-08-27', 'Hadir'),
(8449, 3999, '2025-08-27', 'Hadir'),
(8450, 4000, '2025-08-27', 'Hadir'),
(8451, 4001, '2025-08-27', 'Hadir'),
(8452, 4002, '2025-08-27', 'Hadir'),
(8453, 4003, '2025-08-27', 'Hadir'),
(8454, 4004, '2025-08-27', 'Hadir'),
(8455, 4005, '2025-08-27', 'Hadir'),
(8456, 4006, '2025-08-27', 'Hadir'),
(8457, 4007, '2025-08-27', 'Hadir'),
(8458, 4008, '2025-08-27', 'Hadir'),
(8459, 4009, '2025-08-27', 'Hadir'),
(8460, 4010, '2025-08-27', 'Hadir'),
(8461, 4011, '2025-08-27', 'Hadir'),
(8462, 4012, '2025-08-27', 'Hadir'),
(8463, 4013, '2025-08-27', 'Hadir'),
(8464, 4014, '2025-08-27', 'Hadir'),
(8465, 4015, '2025-08-27', 'Hadir'),
(8466, 4016, '2025-08-27', 'Hadir'),
(8467, 4017, '2025-08-27', 'Hadir'),
(8468, 4018, '2025-08-27', 'Hadir'),
(8469, 4019, '2025-08-27', 'Hadir'),
(8470, 4020, '2025-08-27', 'Hadir'),
(8471, 4021, '2025-08-27', 'Hadir'),
(8472, 4022, '2025-08-27', 'Hadir'),
(8473, 4023, '2025-08-27', 'Hadir'),
(8474, 4024, '2025-08-27', 'Hadir'),
(8475, 4025, '2025-08-27', 'Hadir'),
(8476, 4026, '2025-08-27', 'Hadir'),
(8477, 4027, '2025-08-27', 'Hadir'),
(8478, 4028, '2025-08-27', 'Hadir'),
(8479, 4029, '2025-08-27', 'Hadir'),
(8480, 4030, '2025-08-27', 'Hadir'),
(8481, 4031, '2025-08-27', 'Hadir'),
(8482, 4032, '2025-08-27', 'Alfa'),
(8483, 4033, '2025-08-27', 'Hadir'),
(8484, 4034, '2025-08-27', 'Hadir'),
(8485, 4035, '2025-08-27', 'Hadir'),
(8486, 4036, '2025-08-27', 'Hadir'),
(8487, 4037, '2025-08-27', 'Hadir'),
(8488, 4038, '2025-08-27', 'Hadir'),
(8489, 3155, '2025-08-28', 'Hadir'),
(8490, 3156, '2025-08-28', 'Hadir'),
(8491, 3157, '2025-08-28', 'Hadir'),
(8492, 3158, '2025-08-28', 'Hadir'),
(8493, 3159, '2025-08-28', 'Hadir'),
(8494, 3160, '2025-08-28', 'Hadir'),
(8495, 3161, '2025-08-28', 'Hadir'),
(8496, 3162, '2025-08-28', 'Hadir'),
(8497, 3163, '2025-08-28', 'Hadir'),
(8498, 3164, '2025-08-28', 'Hadir'),
(8499, 3165, '2025-08-28', 'Hadir'),
(8500, 3166, '2025-08-28', 'Hadir'),
(8501, 3167, '2025-08-28', 'Hadir'),
(8502, 3168, '2025-08-28', 'Hadir'),
(8503, 3170, '2025-08-28', 'Hadir'),
(8504, 3169, '2025-08-28', 'Hadir'),
(8505, 3171, '2025-08-28', 'Hadir'),
(8506, 3172, '2025-08-28', 'Hadir'),
(8507, 3173, '2025-08-28', 'Hadir'),
(8508, 3174, '2025-08-28', 'Hadir'),
(8509, 3175, '2025-08-28', 'Hadir'),
(8510, 3176, '2025-08-28', 'Hadir'),
(8511, 3177, '2025-08-28', 'Hadir'),
(8512, 3178, '2025-08-28', 'Hadir'),
(8513, 3179, '2025-08-28', 'Hadir'),
(8514, 3180, '2025-08-28', 'Hadir'),
(8515, 3181, '2025-08-28', 'Hadir'),
(8516, 3182, '2025-08-28', 'Hadir'),
(8517, 3183, '2025-08-28', 'Hadir'),
(8518, 3184, '2025-08-28', 'Hadir'),
(8519, 3185, '2025-08-28', 'Hadir'),
(8520, 3186, '2025-08-28', 'Hadir'),
(8521, 3187, '2025-08-28', 'Hadir'),
(8522, 3188, '2025-08-28', 'Hadir'),
(8523, 4039, '2025-08-29', 'Hadir'),
(8524, 4040, '2025-08-29', 'Hadir'),
(8525, 4041, '2025-08-29', 'Hadir'),
(8526, 4042, '2025-08-29', 'Hadir'),
(8527, 4043, '2025-08-29', 'Hadir'),
(8528, 4044, '2025-08-29', 'Hadir'),
(8529, 4045, '2025-08-29', 'Hadir'),
(8530, 4046, '2025-08-29', 'Hadir'),
(8531, 4047, '2025-08-29', 'Hadir'),
(8532, 4048, '2025-08-29', 'Hadir'),
(8533, 4049, '2025-08-29', 'Hadir'),
(8534, 4050, '2025-08-29', 'Hadir'),
(8535, 4051, '2025-08-29', 'Hadir'),
(8536, 4229, '2025-08-29', 'Hadir'),
(8537, 4052, '2025-08-29', 'Hadir'),
(8538, 4053, '2025-08-29', 'Hadir'),
(8539, 4054, '2025-08-29', 'Terlambat'),
(8540, 4055, '2025-08-29', 'Hadir'),
(8541, 4056, '2025-08-29', 'Terlambat'),
(8542, 4057, '2025-08-29', 'Hadir'),
(8543, 4058, '2025-08-29', 'Hadir'),
(8544, 4059, '2025-08-29', 'Hadir'),
(8545, 4060, '2025-08-29', 'Hadir'),
(8546, 4061, '2025-08-29', 'Hadir'),
(8547, 4062, '2025-08-29', 'Hadir'),
(8548, 4063, '2025-08-29', 'Hadir'),
(8549, 4064, '2025-08-29', 'Hadir'),
(8550, 4065, '2025-08-29', 'Hadir'),
(8551, 4066, '2025-08-29', 'Hadir'),
(8552, 4067, '2025-08-29', 'Hadir'),
(8553, 4068, '2025-08-29', 'Hadir'),
(8554, 4069, '2025-08-29', 'Hadir'),
(8555, 4070, '2025-08-29', 'Hadir'),
(8556, 4071, '2025-08-29', 'Hadir'),
(8557, 4072, '2025-08-29', 'Hadir'),
(8558, 4073, '2025-08-29', 'Terlambat'),
(8559, 4074, '2025-08-29', 'Hadir'),
(8560, 4075, '2025-08-29', 'Hadir'),
(8561, 4076, '2025-08-29', 'Hadir'),
(8562, 4077, '2025-08-29', 'Hadir'),
(8563, 4078, '2025-08-29', 'Hadir'),
(8564, 4079, '2025-08-29', 'Hadir'),
(8565, 4080, '2025-08-29', 'Hadir'),
(8566, 4081, '2025-08-29', 'Hadir'),
(8567, 4082, '2025-08-29', 'Hadir'),
(8568, 4083, '2025-08-29', 'Hadir'),
(8569, 4084, '2025-08-29', 'Hadir'),
(8570, 4085, '2025-08-29', 'Hadir'),
(8571, 3297, '2025-09-02', 'Hadir'),
(8572, 3298, '2025-09-02', 'Hadir'),
(8573, 3299, '2025-09-02', 'Hadir'),
(8574, 3300, '2025-09-02', 'Hadir'),
(8575, 3301, '2025-09-02', 'Hadir'),
(8576, 3302, '2025-09-02', 'Hadir'),
(8577, 3303, '2025-09-02', 'Hadir'),
(8578, 3304, '2025-09-02', 'Hadir'),
(8579, 3305, '2025-09-02', 'Hadir'),
(8580, 3306, '2025-09-02', 'Hadir'),
(8581, 3307, '2025-09-02', 'Hadir'),
(8582, 3308, '2025-09-02', 'Hadir'),
(8583, 3309, '2025-09-02', 'Hadir'),
(8584, 3310, '2025-09-02', 'Hadir'),
(8585, 3311, '2025-09-02', 'Hadir'),
(8586, 3312, '2025-09-02', 'Hadir'),
(8587, 3313, '2025-09-02', 'Hadir'),
(8588, 3314, '2025-09-02', 'Hadir'),
(8589, 3315, '2025-09-02', 'Hadir'),
(8590, 3316, '2025-09-02', 'Hadir'),
(8591, 3317, '2025-09-02', 'Hadir'),
(8592, 3318, '2025-09-02', 'Hadir'),
(8593, 3319, '2025-09-02', 'Hadir'),
(8594, 3320, '2025-09-02', 'Hadir'),
(8595, 3321, '2025-09-02', 'Hadir'),
(8596, 3322, '2025-09-02', 'Hadir'),
(8597, 3323, '2025-09-02', 'Hadir'),
(8598, 3324, '2025-09-02', 'Hadir'),
(8599, 3325, '2025-09-02', 'Hadir'),
(8600, 3326, '2025-09-02', 'Hadir'),
(8601, 3327, '2025-09-02', 'Hadir'),
(8602, 3328, '2025-09-02', 'Hadir'),
(8603, 3329, '2025-09-02', 'Hadir'),
(8604, 3330, '2025-09-02', 'Hadir'),
(8605, 3331, '2025-09-02', 'Hadir'),
(8606, 3332, '2025-09-02', 'Hadir'),
(8607, 3333, '2025-09-02', 'Hadir'),
(8608, 3334, '2025-09-02', 'Hadir'),
(8609, 3335, '2025-09-02', 'Hadir'),
(8610, 3991, '2025-09-03', 'Hadir'),
(8611, 3992, '2025-09-03', 'Hadir'),
(8612, 3993, '2025-09-03', 'Hadir'),
(8613, 3994, '2025-09-03', 'Hadir'),
(8614, 3995, '2025-09-03', 'Hadir'),
(8615, 3996, '2025-09-03', 'Hadir'),
(8616, 3997, '2025-09-03', 'Hadir'),
(8617, 3998, '2025-09-03', 'Hadir'),
(8618, 3999, '2025-09-03', 'Hadir'),
(8619, 4000, '2025-09-03', 'Hadir'),
(8620, 4001, '2025-09-03', 'Hadir'),
(8621, 4002, '2025-09-03', 'Hadir'),
(8622, 4003, '2025-09-03', 'Hadir'),
(8623, 4004, '2025-09-03', 'Hadir'),
(8624, 4005, '2025-09-03', 'Hadir'),
(8625, 4006, '2025-09-03', 'Hadir'),
(8626, 4007, '2025-09-03', 'Hadir'),
(8627, 4008, '2025-09-03', 'Sakit'),
(8628, 4009, '2025-09-03', 'Hadir'),
(8629, 4010, '2025-09-03', 'Hadir'),
(8630, 4011, '2025-09-03', 'Hadir'),
(8631, 4012, '2025-09-03', 'Hadir'),
(8632, 4013, '2025-09-03', 'Hadir'),
(8633, 4014, '2025-09-03', 'Hadir'),
(8634, 4015, '2025-09-03', 'Hadir'),
(8635, 4016, '2025-09-03', 'Hadir'),
(8636, 4017, '2025-09-03', 'Hadir'),
(8637, 4018, '2025-09-03', 'Hadir'),
(8638, 4019, '2025-09-03', 'Hadir'),
(8639, 4020, '2025-09-03', 'Hadir'),
(8640, 4021, '2025-09-03', 'Hadir'),
(8641, 4022, '2025-09-03', 'Hadir'),
(8642, 4023, '2025-09-03', 'Hadir'),
(8643, 4024, '2025-09-03', 'Hadir'),
(8644, 4025, '2025-09-03', 'Hadir'),
(8645, 4026, '2025-09-03', 'Hadir'),
(8646, 4027, '2025-09-03', 'Hadir'),
(8647, 4028, '2025-09-03', 'Hadir'),
(8648, 4029, '2025-09-03', 'Hadir'),
(8649, 4030, '2025-09-03', 'Hadir'),
(8650, 4031, '2025-09-03', 'Hadir'),
(8651, 4032, '2025-09-03', 'Hadir'),
(8652, 4033, '2025-09-03', 'Hadir'),
(8653, 4034, '2025-09-03', 'Hadir'),
(8654, 4035, '2025-09-03', 'Hadir'),
(8655, 4036, '2025-09-03', 'Hadir'),
(8656, 4037, '2025-09-03', 'Hadir'),
(8657, 4038, '2025-09-03', 'Hadir'),
(8658, 3155, '2025-09-04', 'Hadir'),
(8659, 3156, '2025-09-04', 'Hadir'),
(8660, 3157, '2025-09-04', 'Hadir'),
(8661, 3158, '2025-09-04', 'Hadir'),
(8662, 3159, '2025-09-04', 'Sakit'),
(8663, 3160, '2025-09-04', 'Hadir'),
(8664, 3161, '2025-09-04', 'Hadir'),
(8665, 3162, '2025-09-04', 'Hadir'),
(8666, 3163, '2025-09-04', 'Hadir'),
(8667, 3164, '2025-09-04', 'Hadir'),
(8668, 3165, '2025-09-04', 'Hadir'),
(8669, 3166, '2025-09-04', 'Hadir'),
(8670, 3167, '2025-09-04', 'Hadir'),
(8671, 3168, '2025-09-04', 'Hadir'),
(8672, 3170, '2025-09-04', 'Hadir'),
(8673, 3169, '2025-09-04', 'Hadir'),
(8674, 3171, '2025-09-04', 'Hadir'),
(8675, 3172, '2025-09-04', 'Hadir'),
(8676, 3173, '2025-09-04', 'Hadir'),
(8677, 3174, '2025-09-04', 'Hadir'),
(8678, 3175, '2025-09-04', 'Hadir'),
(8679, 3176, '2025-09-04', 'Hadir'),
(8680, 3177, '2025-09-04', 'Hadir'),
(8681, 3178, '2025-09-04', 'Hadir'),
(8682, 3179, '2025-09-04', 'Hadir'),
(8683, 3180, '2025-09-04', 'Hadir'),
(8684, 3181, '2025-09-04', 'Hadir'),
(8685, 3182, '2025-09-04', 'Hadir'),
(8686, 3183, '2025-09-04', 'Hadir'),
(8687, 3184, '2025-09-04', 'Hadir'),
(8688, 3185, '2025-09-04', 'Hadir'),
(8689, 3186, '2025-09-04', 'Hadir'),
(8690, 3187, '2025-09-04', 'Hadir'),
(8691, 3188, '2025-09-04', 'Hadir'),
(8692, 3943, '2025-09-08', 'Hadir'),
(8693, 3944, '2025-09-08', 'Hadir'),
(8694, 3945, '2025-09-08', 'Hadir'),
(8695, 3946, '2025-09-08', 'Sakit'),
(8696, 3947, '2025-09-08', 'Hadir'),
(8697, 3948, '2025-09-08', 'Hadir'),
(8698, 3949, '2025-09-08', 'Hadir'),
(8699, 3950, '2025-09-08', 'Hadir'),
(8700, 3951, '2025-09-08', 'Hadir'),
(8701, 3952, '2025-09-08', 'Hadir'),
(8702, 3953, '2025-09-08', 'Hadir'),
(8703, 3954, '2025-09-08', 'Hadir'),
(8704, 3955, '2025-09-08', 'Hadir'),
(8705, 3956, '2025-09-08', 'Hadir'),
(8706, 3957, '2025-09-08', 'Hadir'),
(8707, 3958, '2025-09-08', 'Hadir'),
(8708, 3959, '2025-09-08', 'Hadir'),
(8709, 3960, '2025-09-08', 'Hadir'),
(8710, 3961, '2025-09-08', 'Hadir'),
(8711, 3962, '2025-09-08', 'Hadir'),
(8712, 3963, '2025-09-08', 'Hadir'),
(8713, 3964, '2025-09-08', 'Hadir'),
(8714, 3965, '2025-09-08', 'Hadir'),
(8715, 3966, '2025-09-08', 'Sakit'),
(8716, 3967, '2025-09-08', 'Hadir'),
(8717, 3968, '2025-09-08', 'Hadir'),
(8718, 3969, '2025-09-08', 'Hadir'),
(8719, 3970, '2025-09-08', 'Hadir'),
(8720, 3971, '2025-09-08', 'Hadir'),
(8721, 3972, '2025-09-08', 'Hadir'),
(8722, 3973, '2025-09-08', 'Hadir'),
(8723, 3974, '2025-09-08', 'Hadir'),
(8724, 3975, '2025-09-08', 'Hadir'),
(8725, 3976, '2025-09-08', 'Sakit'),
(8726, 3977, '2025-09-08', 'Hadir'),
(8727, 3978, '2025-09-08', 'Sakit'),
(8728, 3979, '2025-09-08', 'Hadir'),
(8729, 3980, '2025-09-08', 'Hadir'),
(8730, 3981, '2025-09-08', 'Hadir'),
(8731, 3982, '2025-09-08', 'Hadir'),
(8732, 3983, '2025-09-08', 'Hadir'),
(8733, 3984, '2025-09-08', 'Hadir'),
(8734, 3985, '2025-09-08', 'Hadir'),
(8735, 3986, '2025-09-08', 'Hadir'),
(8736, 3987, '2025-09-08', 'Hadir'),
(8737, 3988, '2025-09-08', 'Hadir'),
(8738, 3989, '2025-09-08', 'Hadir'),
(8739, 3990, '2025-09-08', 'Hadir'),
(8740, 3261, '2025-09-08', 'Hadir'),
(8741, 3262, '2025-09-08', 'Hadir'),
(8742, 3263, '2025-09-08', 'Hadir'),
(8743, 3264, '2025-09-08', 'Hadir'),
(8744, 3265, '2025-09-08', 'Hadir'),
(8745, 3266, '2025-09-08', 'Hadir'),
(8746, 3267, '2025-09-08', 'Hadir'),
(8747, 3268, '2025-09-08', 'Hadir'),
(8748, 3269, '2025-09-08', 'Hadir'),
(8749, 3270, '2025-09-08', 'Hadir'),
(8750, 3271, '2025-09-08', 'Hadir'),
(8751, 3272, '2025-09-08', 'Hadir'),
(8752, 3273, '2025-09-08', 'Hadir'),
(8753, 3274, '2025-09-08', 'Hadir'),
(8754, 3275, '2025-09-08', 'Hadir'),
(8755, 3276, '2025-09-08', 'Hadir'),
(8756, 3277, '2025-09-08', 'Hadir'),
(8757, 3278, '2025-09-08', 'Hadir'),
(8758, 3279, '2025-09-08', 'Hadir'),
(8759, 3280, '2025-09-08', 'Hadir'),
(8760, 3281, '2025-09-08', 'Hadir'),
(8761, 3282, '2025-09-08', 'Hadir'),
(8762, 3283, '2025-09-08', 'Hadir'),
(8763, 3284, '2025-09-08', 'Hadir'),
(8764, 3285, '2025-09-08', 'Hadir'),
(8765, 3286, '2025-09-08', 'Hadir'),
(8766, 3287, '2025-09-08', 'Hadir'),
(8767, 3288, '2025-09-08', 'Hadir'),
(8768, 3289, '2025-09-08', 'Hadir'),
(8769, 3290, '2025-09-08', 'Hadir'),
(8770, 3291, '2025-09-08', 'Hadir'),
(8771, 3292, '2025-09-08', 'Hadir'),
(8772, 3293, '2025-09-08', 'Hadir'),
(8773, 3294, '2025-09-08', 'Hadir'),
(8774, 3295, '2025-09-08', 'Hadir'),
(8775, 3296, '2025-09-08', 'Hadir'),
(8776, 3155, '2025-09-11', 'Hadir'),
(8777, 3156, '2025-09-11', 'Hadir'),
(8778, 3157, '2025-09-11', 'Hadir'),
(8779, 3158, '2025-09-11', 'Hadir'),
(8780, 3159, '2025-09-11', 'Hadir'),
(8781, 3160, '2025-09-11', 'Hadir'),
(8782, 3161, '2025-09-11', 'Hadir'),
(8783, 3162, '2025-09-11', 'Hadir'),
(8784, 3163, '2025-09-11', 'Terlambat'),
(8785, 3164, '2025-09-11', 'Hadir'),
(8786, 3165, '2025-09-11', 'Hadir'),
(8787, 3166, '2025-09-11', 'Hadir'),
(8788, 3167, '2025-09-11', 'Hadir'),
(8789, 3168, '2025-09-11', 'Hadir'),
(8790, 3170, '2025-09-11', 'Hadir'),
(8791, 3169, '2025-09-11', 'Hadir'),
(8792, 3171, '2025-09-11', 'Hadir'),
(8793, 3172, '2025-09-11', 'Hadir'),
(8794, 3173, '2025-09-11', 'Hadir'),
(8795, 3174, '2025-09-11', 'Hadir'),
(8796, 3175, '2025-09-11', 'Hadir'),
(8797, 3176, '2025-09-11', 'Hadir'),
(8798, 3177, '2025-09-11', 'Hadir'),
(8799, 3178, '2025-09-11', 'Hadir'),
(8800, 3179, '2025-09-11', 'Hadir'),
(8801, 3180, '2025-09-11', 'Hadir'),
(8802, 3181, '2025-09-11', 'Hadir'),
(8803, 3182, '2025-09-11', 'Hadir'),
(8804, 3183, '2025-09-11', 'Hadir'),
(8805, 3184, '2025-09-11', 'Hadir'),
(8806, 3185, '2025-09-11', 'Hadir'),
(8807, 3186, '2025-09-11', 'Hadir'),
(8808, 3187, '2025-09-11', 'Hadir'),
(8809, 3188, '2025-09-11', 'Hadir'),
(8810, 3297, '2025-09-16', 'Hadir'),
(8811, 3298, '2025-09-16', 'Hadir'),
(8812, 3299, '2025-09-16', 'Hadir'),
(8813, 3300, '2025-09-16', 'Hadir'),
(8814, 3301, '2025-09-16', 'Hadir'),
(8815, 3302, '2025-09-16', 'Hadir'),
(8816, 3303, '2025-09-16', 'Hadir'),
(8817, 3304, '2025-09-16', 'Hadir'),
(8818, 3305, '2025-09-16', 'Hadir'),
(8819, 3306, '2025-09-16', 'Hadir'),
(8820, 3307, '2025-09-16', 'Hadir'),
(8821, 3308, '2025-09-16', 'Hadir'),
(8822, 3309, '2025-09-16', 'Hadir'),
(8823, 3310, '2025-09-16', 'Hadir'),
(8824, 3311, '2025-09-16', 'Hadir'),
(8825, 3312, '2025-09-16', 'Hadir'),
(8826, 3313, '2025-09-16', 'Hadir'),
(8827, 3314, '2025-09-16', 'Hadir'),
(8828, 3315, '2025-09-16', 'Hadir'),
(8829, 3316, '2025-09-16', 'Hadir'),
(8830, 3317, '2025-09-16', 'Hadir'),
(8831, 3318, '2025-09-16', 'Hadir'),
(8832, 3319, '2025-09-16', 'Hadir'),
(8833, 3320, '2025-09-16', 'Hadir'),
(8834, 3321, '2025-09-16', 'Hadir'),
(8835, 3322, '2025-09-16', 'Hadir'),
(8836, 3323, '2025-09-16', 'Hadir'),
(8837, 3324, '2025-09-16', 'Hadir'),
(8838, 3325, '2025-09-16', 'Hadir'),
(8839, 3326, '2025-09-16', 'Hadir'),
(8840, 3327, '2025-09-16', 'Hadir'),
(8841, 3328, '2025-09-16', 'Hadir'),
(8842, 3329, '2025-09-16', 'Hadir'),
(8843, 3330, '2025-09-16', 'Hadir'),
(8844, 3331, '2025-09-16', 'Hadir'),
(8845, 3332, '2025-09-16', 'Hadir'),
(8846, 3333, '2025-09-16', 'Hadir'),
(8847, 3334, '2025-09-16', 'Hadir'),
(8848, 3335, '2025-09-16', 'Hadir'),
(8849, 3943, '2025-09-15', 'Hadir'),
(8850, 3944, '2025-09-15', 'Hadir'),
(8851, 3945, '2025-09-15', 'Hadir'),
(8852, 3946, '2025-09-15', 'Hadir'),
(8853, 3947, '2025-09-15', 'Hadir'),
(8854, 3948, '2025-09-15', 'Hadir'),
(8855, 3949, '2025-09-15', 'Hadir'),
(8856, 3950, '2025-09-15', 'Hadir'),
(8857, 3951, '2025-09-15', 'Hadir'),
(8858, 3952, '2025-09-15', 'Hadir'),
(8859, 3953, '2025-09-15', 'Hadir'),
(8860, 3954, '2025-09-15', 'Hadir'),
(8861, 3955, '2025-09-15', 'Hadir'),
(8862, 3956, '2025-09-15', 'Hadir'),
(8863, 3957, '2025-09-15', 'Hadir'),
(8864, 3958, '2025-09-15', 'Hadir'),
(8865, 3959, '2025-09-15', 'Hadir'),
(8866, 3960, '2025-09-15', 'Hadir'),
(8867, 3961, '2025-09-15', 'Hadir'),
(8868, 3962, '2025-09-15', 'Hadir'),
(8869, 3963, '2025-09-15', 'Hadir'),
(8870, 3964, '2025-09-15', 'Hadir'),
(8871, 3965, '2025-09-15', 'Hadir'),
(8872, 3966, '2025-09-15', 'Hadir'),
(8873, 3967, '2025-09-15', 'Hadir'),
(8874, 3968, '2025-09-15', 'Hadir'),
(8875, 3969, '2025-09-15', 'Hadir'),
(8876, 3970, '2025-09-15', 'Hadir'),
(8877, 3971, '2025-09-15', 'Hadir'),
(8878, 3972, '2025-09-15', 'Hadir'),
(8879, 3973, '2025-09-15', 'Hadir'),
(8880, 3974, '2025-09-15', 'Hadir'),
(8881, 3975, '2025-09-15', 'Hadir'),
(8882, 3976, '2025-09-15', 'Hadir'),
(8883, 3977, '2025-09-15', 'Hadir'),
(8884, 3978, '2025-09-15', 'Hadir'),
(8885, 3979, '2025-09-15', 'Hadir'),
(8886, 3980, '2025-09-15', 'Hadir'),
(8887, 3981, '2025-09-15', 'Hadir'),
(8888, 3982, '2025-09-15', 'Hadir'),
(8889, 3983, '2025-09-15', 'Hadir'),
(8890, 3984, '2025-09-15', 'Hadir'),
(8891, 3985, '2025-09-15', 'Hadir'),
(8892, 3986, '2025-09-15', 'Hadir'),
(8893, 3987, '2025-09-15', 'Hadir'),
(8894, 3988, '2025-09-15', 'Hadir'),
(8895, 3989, '2025-09-15', 'Hadir'),
(8896, 3990, '2025-09-15', 'Hadir'),
(8897, 3261, '2025-09-15', 'Hadir'),
(8898, 3262, '2025-09-15', 'Hadir'),
(8899, 3263, '2025-09-15', 'Hadir'),
(8900, 3264, '2025-09-15', 'Hadir'),
(8901, 3265, '2025-09-15', 'Hadir'),
(8902, 3266, '2025-09-15', 'Hadir'),
(8903, 3267, '2025-09-15', 'Hadir'),
(8904, 3268, '2025-09-15', 'Hadir'),
(8905, 3269, '2025-09-15', 'Hadir'),
(8906, 3270, '2025-09-15', 'Hadir'),
(8907, 3271, '2025-09-15', 'Hadir'),
(8908, 3272, '2025-09-15', 'Hadir'),
(8909, 3273, '2025-09-15', 'Hadir'),
(8910, 3274, '2025-09-15', 'Hadir'),
(8911, 3275, '2025-09-15', 'Hadir'),
(8912, 3276, '2025-09-15', 'Hadir'),
(8913, 3277, '2025-09-15', 'Hadir'),
(8914, 3278, '2025-09-15', 'Hadir'),
(8915, 3279, '2025-09-15', 'Hadir'),
(8916, 3280, '2025-09-15', 'Hadir'),
(8917, 3281, '2025-09-15', 'Hadir'),
(8918, 3282, '2025-09-15', 'Hadir'),
(8919, 3283, '2025-09-15', 'Hadir'),
(8920, 3284, '2025-09-15', 'Hadir'),
(8921, 3285, '2025-09-15', 'Hadir'),
(8922, 3286, '2025-09-15', 'Hadir'),
(8923, 3287, '2025-09-15', 'Hadir'),
(8924, 3288, '2025-09-15', 'Hadir'),
(8925, 3289, '2025-09-15', 'Hadir'),
(8926, 3290, '2025-09-15', 'Hadir'),
(8927, 3291, '2025-09-15', 'Hadir'),
(8928, 3292, '2025-09-15', 'Hadir'),
(8929, 3293, '2025-09-15', 'Hadir'),
(8930, 3294, '2025-09-15', 'Hadir'),
(8931, 3295, '2025-09-15', 'Hadir'),
(8932, 3296, '2025-09-15', 'Hadir'),
(8933, 3991, '2025-09-17', 'Hadir'),
(8934, 3992, '2025-09-17', 'Sakit'),
(8935, 3993, '2025-09-17', 'Hadir'),
(8936, 3994, '2025-09-17', 'Hadir'),
(8937, 3995, '2025-09-17', 'Hadir'),
(8938, 3996, '2025-09-17', 'Hadir'),
(8939, 3997, '2025-09-17', 'Hadir'),
(8940, 3998, '2025-09-17', 'Hadir'),
(8941, 3999, '2025-09-17', 'Hadir'),
(8942, 4000, '2025-09-17', 'Hadir'),
(8943, 4001, '2025-09-17', 'Hadir'),
(8944, 4002, '2025-09-17', 'Hadir'),
(8945, 4003, '2025-09-17', 'Hadir'),
(8946, 4004, '2025-09-17', 'Hadir'),
(8947, 4005, '2025-09-17', 'Hadir'),
(8948, 4006, '2025-09-17', 'Hadir'),
(8949, 4007, '2025-09-17', 'Hadir'),
(8950, 4008, '2025-09-17', 'Hadir'),
(8951, 4009, '2025-09-17', 'Hadir'),
(8952, 4010, '2025-09-17', 'Hadir'),
(8953, 4011, '2025-09-17', 'Hadir'),
(8954, 4012, '2025-09-17', 'Hadir'),
(8955, 4013, '2025-09-17', 'Hadir'),
(8956, 4014, '2025-09-17', 'Hadir'),
(8957, 4015, '2025-09-17', 'Hadir'),
(8958, 4016, '2025-09-17', 'Izin'),
(8959, 4017, '2025-09-17', 'Hadir'),
(8960, 4018, '2025-09-17', 'Hadir'),
(8961, 4019, '2025-09-17', 'Hadir'),
(8962, 4020, '2025-09-17', 'Hadir'),
(8963, 4021, '2025-09-17', 'Hadir'),
(8964, 4022, '2025-09-17', 'Hadir'),
(8965, 4023, '2025-09-17', 'Hadir'),
(8966, 4024, '2025-09-17', 'Hadir'),
(8967, 4025, '2025-09-17', 'Hadir'),
(8968, 4026, '2025-09-17', 'Hadir'),
(8969, 4027, '2025-09-17', 'Hadir'),
(8970, 4028, '2025-09-17', 'Hadir'),
(8971, 4029, '2025-09-17', 'Hadir'),
(8972, 4030, '2025-09-17', 'Hadir'),
(8973, 4031, '2025-09-17', 'Hadir'),
(8974, 4032, '2025-09-17', 'Hadir'),
(8975, 4033, '2025-09-17', 'Hadir'),
(8976, 4034, '2025-09-17', 'Hadir'),
(8977, 4035, '2025-09-17', 'Hadir'),
(8978, 4036, '2025-09-17', 'Hadir'),
(8979, 4037, '2025-09-17', 'Hadir'),
(8980, 4038, '2025-09-17', 'Hadir'),
(8981, 3155, '2025-09-18', 'Hadir'),
(8982, 3156, '2025-09-18', 'Hadir'),
(8983, 3157, '2025-09-18', 'Hadir'),
(8984, 3158, '2025-09-18', 'Hadir'),
(8985, 3159, '2025-09-18', 'Hadir'),
(8986, 3160, '2025-09-18', 'Hadir'),
(8987, 3161, '2025-09-18', 'Hadir'),
(8988, 3162, '2025-09-18', 'Hadir'),
(8989, 3163, '2025-09-18', 'Hadir'),
(8990, 3164, '2025-09-18', 'Hadir'),
(8991, 3165, '2025-09-18', 'Hadir'),
(8992, 3166, '2025-09-18', 'Hadir'),
(8993, 3167, '2025-09-18', 'Hadir'),
(8994, 3168, '2025-09-18', 'Izin'),
(8995, 3170, '2025-09-18', 'Hadir'),
(8996, 3169, '2025-09-18', 'Hadir'),
(8997, 3171, '2025-09-18', 'Hadir'),
(8998, 3172, '2025-09-18', 'Hadir'),
(8999, 3173, '2025-09-18', 'Hadir'),
(9000, 3174, '2025-09-18', 'Hadir'),
(9001, 3175, '2025-09-18', 'Hadir'),
(9002, 3176, '2025-09-18', 'Hadir'),
(9003, 3177, '2025-09-18', 'Hadir'),
(9004, 3178, '2025-09-18', 'Hadir'),
(9005, 3179, '2025-09-18', 'Hadir'),
(9006, 3180, '2025-09-18', 'Hadir'),
(9007, 3181, '2025-09-18', 'Sakit'),
(9008, 3182, '2025-09-18', 'Hadir'),
(9009, 3183, '2025-09-18', 'Hadir'),
(9010, 3184, '2025-09-18', 'Hadir'),
(9011, 3185, '2025-09-18', 'Hadir'),
(9012, 3186, '2025-09-18', 'Hadir'),
(9013, 3187, '2025-09-18', 'Hadir'),
(9014, 3188, '2025-09-18', 'Hadir'),
(9015, 3261, '2025-09-22', 'Hadir'),
(9016, 3262, '2025-09-22', 'Hadir'),
(9017, 3263, '2025-09-22', 'Hadir'),
(9018, 3264, '2025-09-22', 'Hadir'),
(9019, 3265, '2025-09-22', 'Hadir'),
(9020, 3266, '2025-09-22', 'Hadir'),
(9021, 3267, '2025-09-22', 'Hadir'),
(9022, 3268, '2025-09-22', 'Hadir'),
(9023, 3269, '2025-09-22', 'Hadir'),
(9024, 3270, '2025-09-22', 'Hadir'),
(9025, 3271, '2025-09-22', 'Hadir'),
(9026, 3272, '2025-09-22', 'Hadir'),
(9027, 3273, '2025-09-22', 'Hadir'),
(9028, 3274, '2025-09-22', 'Hadir'),
(9029, 3275, '2025-09-22', 'Hadir'),
(9030, 3276, '2025-09-22', 'Hadir'),
(9031, 3277, '2025-09-22', 'Hadir'),
(9032, 3278, '2025-09-22', 'Hadir'),
(9033, 3279, '2025-09-22', 'Hadir'),
(9034, 3280, '2025-09-22', 'Hadir'),
(9035, 3281, '2025-09-22', 'Hadir'),
(9036, 3282, '2025-09-22', 'Hadir'),
(9037, 3283, '2025-09-22', 'Hadir'),
(9038, 3284, '2025-09-22', 'Hadir'),
(9039, 3285, '2025-09-22', 'Hadir'),
(9040, 3286, '2025-09-22', 'Hadir'),
(9041, 3287, '2025-09-22', 'Hadir'),
(9042, 3288, '2025-09-22', 'Hadir'),
(9043, 3289, '2025-09-22', 'Hadir'),
(9044, 3290, '2025-09-22', 'Hadir'),
(9045, 3291, '2025-09-22', 'Hadir'),
(9046, 3292, '2025-09-22', 'Hadir'),
(9047, 3293, '2025-09-22', 'Hadir'),
(9048, 3294, '2025-09-22', 'Hadir'),
(9049, 3295, '2025-09-22', 'Sakit'),
(9050, 3296, '2025-09-22', 'Hadir'),
(9051, 3991, '2025-09-24', 'Hadir'),
(9052, 3992, '2025-09-24', 'Hadir'),
(9053, 3993, '2025-09-24', 'Hadir'),
(9054, 3994, '2025-09-24', 'Hadir'),
(9055, 3995, '2025-09-24', 'Hadir'),
(9056, 3996, '2025-09-24', 'Hadir'),
(9057, 3997, '2025-09-24', 'Hadir'),
(9058, 3998, '2025-09-24', 'Hadir'),
(9059, 3999, '2025-09-24', 'Hadir'),
(9060, 4000, '2025-09-24', 'Hadir'),
(9061, 4001, '2025-09-24', 'Hadir'),
(9062, 4002, '2025-09-24', 'Hadir'),
(9063, 4003, '2025-09-24', 'Hadir'),
(9064, 4004, '2025-09-24', 'Hadir'),
(9065, 4005, '2025-09-24', 'Hadir'),
(9066, 4006, '2025-09-24', 'Hadir'),
(9067, 4007, '2025-09-24', 'Hadir'),
(9068, 4008, '2025-09-24', 'Hadir'),
(9069, 4009, '2025-09-24', 'Hadir'),
(9070, 4010, '2025-09-24', 'Hadir'),
(9071, 4011, '2025-09-24', 'Hadir'),
(9072, 4012, '2025-09-24', 'Hadir'),
(9073, 4013, '2025-09-24', 'Hadir'),
(9074, 4014, '2025-09-24', 'Hadir'),
(9075, 4015, '2025-09-24', 'Hadir'),
(9076, 4016, '2025-09-24', 'Hadir'),
(9077, 4017, '2025-09-24', 'Hadir'),
(9078, 4018, '2025-09-24', 'Hadir'),
(9079, 4019, '2025-09-24', 'Hadir'),
(9080, 4020, '2025-09-24', 'Hadir'),
(9081, 4021, '2025-09-24', 'Hadir'),
(9082, 4022, '2025-09-24', 'Hadir'),
(9083, 4023, '2025-09-24', 'Hadir'),
(9084, 4024, '2025-09-24', 'Hadir'),
(9085, 4025, '2025-09-24', 'Hadir'),
(9086, 4026, '2025-09-24', 'Hadir'),
(9087, 4027, '2025-09-24', 'Hadir'),
(9088, 4028, '2025-09-24', 'Hadir'),
(9089, 4029, '2025-09-24', 'Hadir'),
(9090, 4030, '2025-09-24', 'Hadir'),
(9091, 4031, '2025-09-24', 'Hadir'),
(9092, 4032, '2025-09-24', 'Hadir'),
(9093, 4033, '2025-09-24', 'Hadir'),
(9094, 4034, '2025-09-24', 'Hadir'),
(9095, 4035, '2025-09-24', 'Hadir'),
(9096, 4036, '2025-09-24', 'Hadir'),
(9097, 4037, '2025-09-24', 'Hadir'),
(9098, 4038, '2025-09-24', 'Hadir'),
(9099, 3297, '2025-09-30', 'Hadir'),
(9100, 3298, '2025-09-30', 'Hadir'),
(9101, 3299, '2025-09-30', 'Hadir'),
(9102, 3300, '2025-09-30', 'Hadir'),
(9103, 3301, '2025-09-30', 'Hadir'),
(9104, 3302, '2025-09-30', 'Hadir'),
(9105, 3303, '2025-09-30', 'Hadir'),
(9106, 3304, '2025-09-30', 'Hadir'),
(9107, 3305, '2025-09-30', 'Hadir'),
(9108, 3306, '2025-09-30', 'Hadir'),
(9109, 3307, '2025-09-30', 'Hadir'),
(9110, 3308, '2025-09-30', 'Hadir'),
(9111, 3309, '2025-09-30', 'Hadir'),
(9112, 3310, '2025-09-30', 'Hadir'),
(9113, 3311, '2025-09-30', 'Hadir'),
(9114, 3312, '2025-09-30', 'Hadir'),
(9115, 3313, '2025-09-30', 'Hadir'),
(9116, 3314, '2025-09-30', 'Hadir'),
(9117, 3315, '2025-09-30', 'Hadir'),
(9118, 3316, '2025-09-30', 'Hadir'),
(9119, 3317, '2025-09-30', 'Hadir'),
(9120, 3318, '2025-09-30', 'Hadir'),
(9121, 3319, '2025-09-30', 'Hadir'),
(9122, 3320, '2025-09-30', 'Hadir'),
(9123, 3321, '2025-09-30', 'Hadir'),
(9124, 3322, '2025-09-30', 'Hadir'),
(9125, 3323, '2025-09-30', 'Hadir'),
(9126, 3324, '2025-09-30', 'Hadir'),
(9127, 3325, '2025-09-30', 'Hadir'),
(9128, 3326, '2025-09-30', 'Hadir'),
(9129, 3327, '2025-09-30', 'Terlambat'),
(9130, 3328, '2025-09-30', 'Hadir'),
(9131, 3329, '2025-09-30', 'Hadir'),
(9132, 3330, '2025-09-30', 'Sakit'),
(9133, 3331, '2025-09-30', 'Hadir'),
(9134, 3332, '2025-09-30', 'Hadir'),
(9135, 3333, '2025-09-30', 'Hadir'),
(9136, 3334, '2025-09-30', 'Hadir'),
(9137, 3335, '2025-09-30', 'Terlambat'),
(9138, 3991, '2025-10-15', 'Hadir'),
(9139, 3992, '2025-10-15', 'Sakit'),
(9140, 3993, '2025-10-15', 'Hadir'),
(9141, 3994, '2025-10-15', 'Hadir'),
(9142, 3995, '2025-10-15', 'Hadir'),
(9143, 3996, '2025-10-15', 'Hadir'),
(9144, 3997, '2025-10-15', 'Hadir'),
(9145, 3998, '2025-10-15', 'Hadir'),
(9146, 3999, '2025-10-15', 'Hadir'),
(9147, 4000, '2025-10-15', 'Hadir'),
(9148, 4001, '2025-10-15', 'Hadir'),
(9149, 4002, '2025-10-15', 'Hadir'),
(9150, 4003, '2025-10-15', 'Hadir'),
(9151, 4004, '2025-10-15', 'Hadir'),
(9152, 4005, '2025-10-15', 'Hadir'),
(9153, 4006, '2025-10-15', 'Hadir'),
(9154, 4007, '2025-10-15', 'Hadir'),
(9155, 4008, '2025-10-15', 'Hadir'),
(9156, 4009, '2025-10-15', 'Hadir'),
(9157, 4010, '2025-10-15', 'Hadir'),
(9158, 4011, '2025-10-15', 'Hadir'),
(9159, 4012, '2025-10-15', 'Hadir'),
(9160, 4013, '2025-10-15', 'Hadir'),
(9161, 4014, '2025-10-15', 'Sakit'),
(9162, 4015, '2025-10-15', 'Hadir'),
(9163, 4016, '2025-10-15', 'Sakit'),
(9164, 4017, '2025-10-15', 'Hadir'),
(9165, 4018, '2025-10-15', 'Hadir'),
(9166, 4019, '2025-10-15', 'Hadir'),
(9167, 4020, '2025-10-15', 'Hadir'),
(9168, 4021, '2025-10-15', 'Izin'),
(9169, 4022, '2025-10-15', 'Hadir'),
(9170, 4023, '2025-10-15', 'Hadir'),
(9171, 4024, '2025-10-15', 'Hadir'),
(9172, 4025, '2025-10-15', 'Hadir'),
(9173, 4026, '2025-10-15', 'Hadir'),
(9174, 4027, '2025-10-15', 'Hadir'),
(9175, 4028, '2025-10-15', 'Hadir'),
(9176, 4029, '2025-10-15', 'Hadir'),
(9177, 4030, '2025-10-15', 'Hadir'),
(9178, 4031, '2025-10-15', 'Hadir'),
(9179, 4032, '2025-10-15', 'Sakit'),
(9180, 4033, '2025-10-15', 'Hadir'),
(9181, 4034, '2025-10-15', 'Hadir'),
(9182, 4035, '2025-10-15', 'Hadir'),
(9183, 4036, '2025-10-15', 'Hadir'),
(9184, 4037, '2025-10-15', 'Hadir'),
(9185, 4038, '2025-10-15', 'Hadir'),
(9186, 4342, '2025-10-15', 'Hadir'),
(9187, 3155, '2025-10-16', 'Hadir'),
(9188, 3156, '2025-10-16', 'Hadir'),
(9189, 3157, '2025-10-16', 'Hadir'),
(9190, 3158, '2025-10-16', 'Hadir'),
(9191, 3159, '2025-10-16', 'Hadir'),
(9192, 3160, '2025-10-16', 'Hadir'),
(9193, 3161, '2025-10-16', 'Hadir'),
(9194, 3162, '2025-10-16', 'Hadir'),
(9195, 3163, '2025-10-16', 'Hadir'),
(9196, 3164, '2025-10-16', 'Hadir'),
(9197, 3165, '2025-10-16', 'Hadir'),
(9198, 3166, '2025-10-16', 'Hadir'),
(9199, 3167, '2025-10-16', 'Hadir'),
(9200, 3168, '2025-10-16', 'Hadir'),
(9201, 3170, '2025-10-16', 'Hadir'),
(9202, 3169, '2025-10-16', 'Hadir'),
(9203, 3171, '2025-10-16', 'Hadir'),
(9204, 3172, '2025-10-16', 'Hadir'),
(9205, 3173, '2025-10-16', 'Hadir'),
(9206, 3174, '2025-10-16', 'Hadir'),
(9207, 3175, '2025-10-16', 'Hadir'),
(9208, 3176, '2025-10-16', 'Hadir'),
(9209, 3177, '2025-10-16', 'Hadir'),
(9210, 3178, '2025-10-16', 'Hadir'),
(9211, 3179, '2025-10-16', 'Hadir'),
(9212, 3180, '2025-10-16', 'Hadir'),
(9213, 3181, '2025-10-16', 'Hadir'),
(9214, 3182, '2025-10-16', 'Hadir'),
(9215, 3183, '2025-10-16', 'Hadir'),
(9216, 3184, '2025-10-16', 'Hadir'),
(9217, 3185, '2025-10-16', 'Hadir'),
(9218, 3186, '2025-10-16', 'Hadir'),
(9219, 3187, '2025-10-16', 'Hadir'),
(9220, 3188, '2025-10-16', 'Hadir'),
(9221, 4342, '2025-10-16', 'Hadir'),
(9222, 4039, '2025-10-17', 'Hadir'),
(9223, 4040, '2025-10-17', 'Hadir'),
(9224, 4041, '2025-10-17', 'Hadir'),
(9225, 4042, '2025-10-17', 'Hadir'),
(9226, 4043, '2025-10-17', 'Hadir'),
(9227, 4044, '2025-10-17', 'Hadir'),
(9228, 4045, '2025-10-17', 'Hadir'),
(9229, 4046, '2025-10-17', 'Hadir'),
(9230, 4047, '2025-10-17', 'Sakit'),
(9231, 4048, '2025-10-17', 'Hadir'),
(9232, 4049, '2025-10-17', 'Hadir'),
(9233, 4050, '2025-10-17', 'Hadir'),
(9234, 4051, '2025-10-17', 'Hadir'),
(9235, 4229, '2025-10-17', 'Hadir'),
(9236, 4052, '2025-10-17', 'Hadir'),
(9237, 4053, '2025-10-17', 'Hadir'),
(9238, 4054, '2025-10-17', 'Hadir'),
(9239, 4055, '2025-10-17', 'Hadir'),
(9240, 4056, '2025-10-17', 'Hadir'),
(9241, 4057, '2025-10-17', 'Hadir'),
(9242, 4058, '2025-10-17', 'Hadir'),
(9243, 4059, '2025-10-17', 'Hadir'),
(9244, 4060, '2025-10-17', 'Hadir'),
(9245, 4061, '2025-10-17', 'Hadir'),
(9246, 4062, '2025-10-17', 'Hadir'),
(9247, 4063, '2025-10-17', 'Hadir'),
(9248, 4064, '2025-10-17', 'Hadir'),
(9249, 4065, '2025-10-17', 'Hadir'),
(9250, 4066, '2025-10-17', 'Hadir'),
(9251, 4067, '2025-10-17', 'Hadir'),
(9252, 4068, '2025-10-17', 'Hadir'),
(9253, 4069, '2025-10-17', 'Hadir'),
(9254, 4070, '2025-10-17', 'Hadir'),
(9255, 4071, '2025-10-17', 'Hadir'),
(9256, 4072, '2025-10-17', 'Hadir'),
(9257, 4073, '2025-10-17', 'Hadir'),
(9258, 4074, '2025-10-17', 'Hadir'),
(9259, 4075, '2025-10-17', 'Hadir'),
(9260, 4076, '2025-10-17', 'Hadir'),
(9261, 4077, '2025-10-17', 'Hadir'),
(9262, 4078, '2025-10-17', 'Hadir'),
(9263, 4079, '2025-10-17', 'Hadir'),
(9264, 4080, '2025-10-17', 'Hadir'),
(9265, 4081, '2025-10-17', 'Hadir'),
(9266, 4082, '2025-10-17', 'Hadir'),
(9267, 4083, '2025-10-17', 'Hadir'),
(9268, 4084, '2025-10-17', 'Hadir'),
(9269, 4085, '2025-10-17', 'Hadir'),
(9270, 3155, '2025-11-12', 'Hadir'),
(9271, 3156, '2025-11-12', 'Hadir'),
(9272, 3157, '2025-11-12', 'Hadir'),
(9273, 3158, '2025-11-12', 'Hadir'),
(9274, 3159, '2025-11-12', 'Hadir'),
(9275, 3160, '2025-11-12', 'Hadir'),
(9276, 3161, '2025-11-12', 'Hadir'),
(9277, 3162, '2025-11-12', 'Hadir'),
(9278, 3163, '2025-11-12', 'Hadir'),
(9279, 3164, '2025-11-12', 'Hadir'),
(9280, 3165, '2025-11-12', 'Hadir'),
(9281, 3166, '2025-11-12', 'Hadir'),
(9282, 3167, '2025-11-12', 'Hadir'),
(9283, 3168, '2025-11-12', 'Hadir'),
(9284, 3170, '2025-11-12', 'Hadir'),
(9285, 3169, '2025-11-12', 'Hadir'),
(9286, 3171, '2025-11-12', 'Sakit'),
(9287, 3172, '2025-11-12', 'Hadir'),
(9288, 3173, '2025-11-12', 'Hadir'),
(9289, 3174, '2025-11-12', 'Hadir'),
(9290, 3175, '2025-11-12', 'Hadir'),
(9291, 3176, '2025-11-12', 'Hadir'),
(9292, 3177, '2025-11-12', 'Hadir'),
(9293, 3178, '2025-11-12', 'Hadir'),
(9294, 3179, '2025-11-12', 'Hadir'),
(9295, 3180, '2025-11-12', 'Hadir'),
(9296, 3181, '2025-11-12', 'Hadir'),
(9297, 3182, '2025-11-12', 'Hadir'),
(9298, 3183, '2025-11-12', 'Hadir'),
(9299, 3184, '2025-11-12', 'Hadir'),
(9300, 3185, '2025-11-12', 'Hadir'),
(9301, 3186, '2025-11-12', 'Hadir'),
(9302, 3187, '2025-11-12', 'Hadir'),
(9303, 3188, '2025-11-12', 'Hadir'),
(9304, 4039, '2025-11-14', 'Hadir'),
(9305, 4040, '2025-11-14', 'Hadir'),
(9306, 4041, '2025-11-14', 'Hadir'),
(9307, 4042, '2025-11-14', 'Hadir'),
(9308, 4043, '2025-11-14', 'Hadir'),
(9309, 4044, '2025-11-14', 'Hadir'),
(9310, 4045, '2025-11-14', 'Hadir'),
(9311, 4046, '2025-11-14', 'Hadir'),
(9312, 4047, '2025-11-14', 'Hadir'),
(9313, 4048, '2025-11-14', 'Hadir'),
(9314, 4049, '2025-11-14', 'Hadir'),
(9315, 4050, '2025-11-14', 'Hadir'),
(9316, 4051, '2025-11-14', 'Hadir'),
(9317, 4229, '2025-11-14', 'Hadir'),
(9318, 4052, '2025-11-14', 'Hadir'),
(9319, 4053, '2025-11-14', 'Hadir'),
(9320, 4054, '2025-11-14', 'Hadir'),
(9321, 4055, '2025-11-14', 'Hadir'),
(9322, 4056, '2025-11-14', 'Hadir'),
(9323, 4057, '2025-11-14', 'Hadir'),
(9324, 4058, '2025-11-14', 'Hadir'),
(9325, 4059, '2025-11-14', 'Hadir'),
(9326, 4060, '2025-11-14', 'Hadir'),
(9327, 4061, '2025-11-14', 'Hadir'),
(9328, 4062, '2025-11-14', 'Hadir'),
(9329, 4063, '2025-11-14', 'Hadir'),
(9330, 4064, '2025-11-14', 'Hadir'),
(9331, 4065, '2025-11-14', 'Hadir'),
(9332, 4066, '2025-11-14', 'Hadir'),
(9333, 4067, '2025-11-14', 'Hadir'),
(9334, 4068, '2025-11-14', 'Hadir'),
(9335, 4069, '2025-11-14', 'Hadir'),
(9336, 4070, '2025-11-14', 'Hadir'),
(9337, 4071, '2025-11-14', 'Hadir'),
(9338, 4072, '2025-11-14', 'Hadir'),
(9339, 4073, '2025-11-14', 'Hadir'),
(9340, 4074, '2025-11-14', 'Hadir'),
(9341, 4075, '2025-11-14', 'Hadir'),
(9342, 4076, '2025-11-14', 'Hadir'),
(9343, 4077, '2025-11-14', 'Hadir'),
(9344, 4078, '2025-11-14', 'Hadir'),
(9345, 4079, '2025-11-14', 'Hadir'),
(9346, 4080, '2025-11-14', 'Hadir'),
(9347, 4081, '2025-11-14', 'Hadir'),
(9348, 4082, '2025-11-14', 'Hadir'),
(9349, 4083, '2025-11-14', 'Hadir'),
(9350, 4084, '2025-11-14', 'Hadir'),
(9351, 4085, '2025-11-14', 'Hadir'),
(9352, 3943, '2025-11-17', 'Hadir'),
(9353, 3944, '2025-11-17', 'Terlambat'),
(9354, 3945, '2025-11-17', 'Hadir'),
(9355, 3946, '2025-11-17', 'Hadir'),
(9356, 3947, '2025-11-17', 'Hadir'),
(9357, 3948, '2025-11-17', 'Terlambat'),
(9358, 3949, '2025-11-17', 'Hadir'),
(9359, 3950, '2025-11-17', 'Hadir'),
(9360, 3951, '2025-11-17', 'Hadir'),
(9361, 3952, '2025-11-17', 'Hadir'),
(9362, 3953, '2025-11-17', 'Hadir'),
(9363, 3954, '2025-11-17', 'Hadir'),
(9364, 3955, '2025-11-17', 'Hadir'),
(9365, 3956, '2025-11-17', 'Sakit'),
(9366, 3957, '2025-11-17', 'Hadir'),
(9367, 3958, '2025-11-17', 'Hadir'),
(9368, 3959, '2025-11-17', 'Hadir'),
(9369, 3960, '2025-11-17', 'Hadir'),
(9370, 3961, '2025-11-17', 'Hadir'),
(9371, 3962, '2025-11-17', 'Hadir'),
(9372, 3963, '2025-11-17', 'Hadir'),
(9373, 3964, '2025-11-17', 'Hadir'),
(9374, 3965, '2025-11-17', 'Hadir'),
(9375, 3966, '2025-11-17', 'Hadir'),
(9376, 3967, '2025-11-17', 'Hadir'),
(9377, 3968, '2025-11-17', 'Hadir'),
(9378, 3969, '2025-11-17', 'Hadir'),
(9379, 3970, '2025-11-17', 'Hadir'),
(9380, 3971, '2025-11-17', 'Sakit'),
(9381, 3972, '2025-11-17', 'Hadir'),
(9382, 3973, '2025-11-17', 'Hadir'),
(9383, 3974, '2025-11-17', 'Hadir'),
(9384, 3975, '2025-11-17', 'Hadir'),
(9385, 3976, '2025-11-17', 'Hadir'),
(9386, 3977, '2025-11-17', 'Hadir'),
(9387, 3978, '2025-11-17', 'Hadir'),
(9388, 3979, '2025-11-17', 'Hadir'),
(9389, 3980, '2025-11-17', 'Hadir'),
(9390, 3981, '2025-11-17', 'Terlambat'),
(9391, 3982, '2025-11-17', 'Hadir'),
(9392, 3983, '2025-11-17', 'Hadir'),
(9393, 3984, '2025-11-17', 'Hadir'),
(9394, 3985, '2025-11-17', 'Hadir'),
(9395, 3986, '2025-11-17', 'Sakit'),
(9396, 3987, '2025-11-17', 'Hadir'),
(9397, 3988, '2025-11-17', 'Hadir'),
(9398, 3989, '2025-11-17', 'Hadir'),
(9399, 3990, '2025-11-17', 'Hadir'),
(9400, 3297, '2025-11-17', 'Hadir'),
(9401, 3298, '2025-11-17', 'Hadir'),
(9402, 3299, '2025-11-17', 'Hadir'),
(9403, 3300, '2025-11-17', 'Hadir'),
(9404, 3301, '2025-11-17', 'Hadir'),
(9405, 3302, '2025-11-17', 'Hadir'),
(9406, 3303, '2025-11-17', 'Hadir'),
(9407, 3304, '2025-11-17', 'Hadir'),
(9408, 3305, '2025-11-17', 'Hadir'),
(9409, 3306, '2025-11-17', 'Hadir'),
(9410, 3307, '2025-11-17', 'Hadir'),
(9411, 3308, '2025-11-17', 'Hadir'),
(9412, 3309, '2025-11-17', 'Hadir'),
(9413, 3310, '2025-11-17', 'Hadir'),
(9414, 3311, '2025-11-17', 'Hadir'),
(9415, 3312, '2025-11-17', 'Hadir'),
(9416, 3313, '2025-11-17', 'Hadir'),
(9417, 3314, '2025-11-17', 'Hadir'),
(9418, 3315, '2025-11-17', 'Hadir'),
(9419, 3316, '2025-11-17', 'Hadir'),
(9420, 3317, '2025-11-17', 'Hadir'),
(9421, 3318, '2025-11-17', 'Hadir'),
(9422, 3319, '2025-11-17', 'Hadir'),
(9423, 3320, '2025-11-17', 'Hadir'),
(9424, 3321, '2025-11-17', 'Hadir'),
(9425, 3322, '2025-11-17', 'Hadir'),
(9426, 3323, '2025-11-17', 'Hadir'),
(9427, 3324, '2025-11-17', 'Hadir'),
(9428, 3325, '2025-11-17', 'Hadir'),
(9429, 3326, '2025-11-17', 'Hadir'),
(9430, 3327, '2025-11-17', 'Hadir'),
(9431, 3328, '2025-11-17', 'Hadir'),
(9432, 3329, '2025-11-17', 'Hadir'),
(9433, 3330, '2025-11-17', 'Hadir'),
(9434, 3331, '2025-11-17', 'Hadir'),
(9435, 3332, '2025-11-17', 'Hadir'),
(9436, 3333, '2025-11-17', 'Hadir'),
(9437, 3334, '2025-11-17', 'Hadir'),
(9438, 3335, '2025-11-17', 'Hadir'),
(9439, 3261, '2025-11-17', 'Hadir'),
(9440, 3262, '2025-11-17', 'Hadir'),
(9441, 3263, '2025-11-17', 'Hadir'),
(9442, 3264, '2025-11-17', 'Hadir'),
(9443, 3265, '2025-11-17', 'Hadir'),
(9444, 3266, '2025-11-17', 'Hadir'),
(9445, 3267, '2025-11-17', 'Hadir'),
(9446, 3268, '2025-11-17', 'Hadir'),
(9447, 3269, '2025-11-17', 'Hadir'),
(9448, 3270, '2025-11-17', 'Hadir'),
(9449, 3271, '2025-11-17', 'Hadir'),
(9450, 3272, '2025-11-17', 'Hadir'),
(9451, 3273, '2025-11-17', 'Hadir'),
(9452, 3274, '2025-11-17', 'Hadir'),
(9453, 3275, '2025-11-17', 'Hadir'),
(9454, 3276, '2025-11-17', 'Hadir'),
(9455, 3277, '2025-11-17', 'Hadir'),
(9456, 3278, '2025-11-17', 'Hadir'),
(9457, 3279, '2025-11-17', 'Hadir'),
(9458, 3280, '2025-11-17', 'Hadir'),
(9459, 3281, '2025-11-17', 'Hadir'),
(9460, 3282, '2025-11-17', 'Hadir'),
(9461, 3283, '2025-11-17', 'Hadir'),
(9462, 3284, '2025-11-17', 'Hadir'),
(9463, 3285, '2025-11-17', 'Hadir'),
(9464, 3286, '2025-11-17', 'Hadir'),
(9465, 3287, '2025-11-17', 'Hadir'),
(9466, 3288, '2025-11-17', 'Hadir'),
(9467, 3289, '2025-11-17', 'Hadir'),
(9468, 3290, '2025-11-17', 'Hadir'),
(9469, 3291, '2025-11-17', 'Hadir'),
(9470, 3292, '2025-11-17', 'Hadir'),
(9471, 3293, '2025-11-17', 'Hadir'),
(9472, 3294, '2025-11-17', 'Hadir'),
(9473, 3295, '2025-11-17', 'Hadir'),
(9474, 3296, '2025-11-17', 'Hadir'),
(9475, 3297, '2025-11-18', 'Hadir'),
(9476, 3298, '2025-11-18', 'Hadir'),
(9477, 3299, '2025-11-18', 'Hadir'),
(9478, 3300, '2025-11-18', 'Hadir'),
(9479, 3301, '2025-11-18', 'Hadir'),
(9480, 3302, '2025-11-18', 'Hadir'),
(9481, 3303, '2025-11-18', 'Hadir'),
(9482, 3304, '2025-11-18', 'Hadir'),
(9483, 3305, '2025-11-18', 'Hadir'),
(9484, 3306, '2025-11-18', 'Hadir'),
(9485, 3307, '2025-11-18', 'Hadir'),
(9486, 3308, '2025-11-18', 'Hadir'),
(9487, 3309, '2025-11-18', 'Hadir'),
(9488, 3310, '2025-11-18', 'Hadir'),
(9489, 3311, '2025-11-18', 'Hadir'),
(9490, 3312, '2025-11-18', 'Hadir'),
(9491, 3313, '2025-11-18', 'Hadir'),
(9492, 3314, '2025-11-18', 'Hadir'),
(9493, 3315, '2025-11-18', 'Hadir'),
(9494, 3316, '2025-11-18', 'Hadir'),
(9495, 3317, '2025-11-18', 'Hadir'),
(9496, 3318, '2025-11-18', 'Hadir'),
(9497, 3319, '2025-11-18', 'Hadir'),
(9498, 3320, '2025-11-18', 'Sakit'),
(9499, 3321, '2025-11-18', 'Hadir'),
(9500, 3322, '2025-11-18', 'Hadir'),
(9501, 3323, '2025-11-18', 'Hadir'),
(9502, 3324, '2025-11-18', 'Hadir'),
(9503, 3325, '2025-11-18', 'Hadir'),
(9504, 3326, '2025-11-18', 'Hadir'),
(9505, 3327, '2025-11-18', 'Hadir'),
(9506, 3328, '2025-11-18', 'Hadir'),
(9507, 3329, '2025-11-18', 'Hadir'),
(9508, 3330, '2025-11-18', 'Hadir'),
(9509, 3331, '2025-11-18', 'Hadir'),
(9510, 3332, '2025-11-18', 'Hadir'),
(9511, 3333, '2025-11-18', 'Hadir'),
(9512, 3334, '2025-11-18', 'Hadir'),
(9513, 3335, '2025-11-18', 'Hadir'),
(9514, 3155, '2025-11-20', 'Hadir'),
(9515, 3156, '2025-11-20', 'Hadir'),
(9516, 3157, '2025-11-20', 'Hadir'),
(9517, 3158, '2025-11-20', 'Hadir'),
(9518, 3159, '2025-11-20', 'Hadir'),
(9519, 3160, '2025-11-20', 'Hadir'),
(9520, 3161, '2025-11-20', 'Hadir'),
(9521, 3162, '2025-11-20', 'Hadir'),
(9522, 3163, '2025-11-20', 'Terlambat'),
(9523, 3164, '2025-11-20', 'Hadir'),
(9524, 3165, '2025-11-20', 'Hadir'),
(9525, 3166, '2025-11-20', 'Sakit'),
(9526, 3167, '2025-11-20', 'Hadir'),
(9527, 3168, '2025-11-20', 'Hadir'),
(9528, 3170, '2025-11-20', 'Hadir'),
(9529, 3169, '2025-11-20', 'Hadir'),
(9530, 3171, '2025-11-20', 'Hadir'),
(9531, 3172, '2025-11-20', 'Hadir'),
(9532, 3173, '2025-11-20', 'Hadir'),
(9533, 3174, '2025-11-20', 'Hadir'),
(9534, 3175, '2025-11-20', 'Hadir'),
(9535, 3176, '2025-11-20', 'Hadir'),
(9536, 3177, '2025-11-20', 'Hadir'),
(9537, 3178, '2025-11-20', 'Hadir'),
(9538, 3179, '2025-11-20', 'Hadir'),
(9539, 3180, '2025-11-20', 'Hadir'),
(9540, 3181, '2025-11-20', 'Hadir'),
(9541, 3182, '2025-11-20', 'Hadir'),
(9542, 3183, '2025-11-20', 'Hadir'),
(9543, 3184, '2025-11-20', 'Hadir'),
(9544, 3185, '2025-11-20', 'Hadir'),
(9545, 3186, '2025-11-20', 'Hadir'),
(9546, 3187, '2025-11-20', 'Hadir'),
(9547, 3188, '2025-11-20', 'Hadir'),
(9548, 4039, '2025-11-21', 'Hadir'),
(9549, 4040, '2025-11-21', 'Hadir'),
(9550, 4041, '2025-11-21', 'Hadir'),
(9551, 4042, '2025-11-21', 'Hadir'),
(9552, 4043, '2025-11-21', 'Hadir'),
(9553, 4044, '2025-11-21', 'Hadir'),
(9554, 4045, '2025-11-21', 'Hadir'),
(9555, 4046, '2025-11-21', 'Hadir'),
(9556, 4047, '2025-11-21', 'Hadir'),
(9557, 4048, '2025-11-21', 'Hadir'),
(9558, 4049, '2025-11-21', 'Hadir'),
(9559, 4050, '2025-11-21', 'Hadir'),
(9560, 4051, '2025-11-21', 'Hadir'),
(9561, 4229, '2025-11-21', 'Hadir'),
(9562, 4052, '2025-11-21', 'Hadir'),
(9563, 4053, '2025-11-21', 'Hadir'),
(9564, 4054, '2025-11-21', 'Hadir'),
(9565, 4055, '2025-11-21', 'Hadir'),
(9566, 4056, '2025-11-21', 'Hadir'),
(9567, 4057, '2025-11-21', 'Hadir'),
(9568, 4058, '2025-11-21', 'Hadir'),
(9569, 4059, '2025-11-21', 'Hadir'),
(9570, 4060, '2025-11-21', 'Hadir'),
(9571, 4061, '2025-11-21', 'Hadir'),
(9572, 4062, '2025-11-21', 'Hadir'),
(9573, 4063, '2025-11-21', 'Hadir'),
(9574, 4064, '2025-11-21', 'Hadir'),
(9575, 4065, '2025-11-21', 'Terlambat'),
(9576, 4066, '2025-11-21', 'Hadir'),
(9577, 4067, '2025-11-21', 'Hadir'),
(9578, 4068, '2025-11-21', 'Hadir'),
(9579, 4069, '2025-11-21', 'Hadir'),
(9580, 4070, '2025-11-21', 'Hadir'),
(9581, 4071, '2025-11-21', 'Hadir'),
(9582, 4072, '2025-11-21', 'Terlambat'),
(9583, 4073, '2025-11-21', 'Terlambat'),
(9584, 4074, '2025-11-21', 'Hadir'),
(9585, 4075, '2025-11-21', 'Hadir'),
(9586, 4076, '2025-11-21', 'Terlambat'),
(9587, 4077, '2025-11-21', 'Hadir'),
(9588, 4078, '2025-11-21', 'Hadir'),
(9589, 4079, '2025-11-21', 'Hadir'),
(9590, 4080, '2025-11-21', 'Hadir'),
(9591, 4081, '2025-11-21', 'Hadir'),
(9592, 4082, '2025-11-21', 'Hadir'),
(9593, 4083, '2025-11-21', 'Hadir'),
(9594, 4084, '2025-11-21', 'Hadir'),
(9595, 4085, '2025-11-21', 'Hadir');

-- --------------------------------------------------------

--
-- Struktur dari tabel `kelas`
--

CREATE TABLE `kelas` (
  `id` int(11) NOT NULL,
  `nama_kelas` varchar(10) NOT NULL,
  `wali_kelas` varchar(100) NOT NULL
) ENGINE=InnoDB DEFAULT CHARSET=utf8mb4 COLLATE=utf8mb4_unicode_ci;

--
-- Dumping data untuk tabel `kelas`
--

INSERT INTO `kelas` (`id`, `nama_kelas`, `wali_kelas`) VALUES
(21, 'XI-1', 'Nama Walas XI-1'),
(22, 'XI-2', 'Nama Walas XI-2'),
(23, 'XI-3', 'Nama Walas XI-3'),
(476, 'X-1', 'Dadang Rustandi, S.Pd.'),
(477, 'X-2', 'Rizki Yulia Rahayu, S.Pd.'),
(478, 'X-3', 'Sari Sartika, S.Pd.'),
(773, 'XI-Dummy', 'Daniarsyah');

-- --------------------------------------------------------

--
-- Struktur dari tabel `siswa`
--

CREATE TABLE `siswa` (
  `id` int(11) NOT NULL,
  `nis` varchar(20) NOT NULL,
  `nisn` varchar(20) NOT NULL,
  `nama` varchar(100) NOT NULL,
  `kelas_id` int(11) NOT NULL,
  `jenis_kelamin` enum('Laki-laki','Perempuan') DEFAULT NULL
) ENGINE=InnoDB DEFAULT CHARSET=utf8mb4 COLLATE=utf8mb4_unicode_ci;

--
-- Dumping data untuk tabel `siswa`
--

INSERT INTO `siswa` (`id`, `nis`, `nisn`, `nama`, `kelas_id`, `jenis_kelamin`) VALUES
(3155, '242510162', '99334640', 'ALEA NUR BINTANG ANZARI', 21, 'Perempuan'),
(3156, '242510355', '95292831', 'ALODIA FIDELA ATMAJAYA HARMONO', 21, 'Perempuan'),
(3157, '242510246', '98240225', 'ANDRE', 21, 'Laki-laki'),
(3158, '242510281', '97255360', 'ANNISA ILMAN HANIFA', 21, 'Perempuan'),
(3159, '242510393', '83742368', 'BOBBY ADONOVAN', 21, 'Laki-laki'),
(3160, '242510087', '99534089', 'CALLISTA AURYN ANNAURA', 21, 'Perempuan'),
(3161, '242510088', '94429770', 'CHESTA MAHARDIKA', 21, 'Laki-laki'),
(3162, '242510168', '85044133', 'DANIAL MOCH MISBAH', 21, 'Laki-laki'),
(3163, '242510169', '91904278', 'DAVID ADITAMA BACHRUN', 21, 'Laki-laki'),
(3164, '242510009', '98286456', 'DEWI ANGGRAENI SINAGA', 21, 'Perempuan'),
(3165, '242510211', '94624518', 'DWI AL FITRIYANI PUTRI KUSNADI', 21, 'Perempuan'),
(3166, '242510398', '97184233', 'FADHYL RIZQY PRATAMA', 21, 'Laki-laki'),
(3167, '242510212', '92015852', 'FAJRI HADIYAN ANGGARA', 21, 'Laki-laki'),
(3168, '242510291', '98153655', 'FERNANDY ARDIANA SYAHRAYAN', 21, 'Laki-laki'),
(3169, '242510216', '92374420', 'GHAITSA NAJWA KAMILA', 21, 'Perempuan'),
(3170, '242510050', '93070911', 'GELLARDY RAVA GUSMINAR', 21, 'Laki-laki'),
(3171, '242510175', '87870138', 'INDRI GUSMIANA', 21, 'Perempuan'),
(3172, '242510219', '81228149', 'KAISYA RAHMAH ANGGUN PRIBADI', 21, 'Perempuan'),
(3173, '242510022', '95598217', 'KIRANA PUSPITA MAHARANI', 21, 'Perempuan'),
(3174, '242510055', '96129871', 'LAKEISHA AZIZAH', 21, 'Perempuan'),
(3175, '242510023', '82810569', 'MAESYA SABANI', 21, 'Perempuan'),
(3176, '242510409', '81144388', 'NADHIIFAH KIRANA SUMANTRI', 21, 'Perempuan'),
(3177, '242510411', '88497035', 'NAURA SHAIRA OKTAVIANTI PRATAMI', 21, 'Perempuan'),
(3178, '242510061', '82717931', 'NAZMA RAISHA PUTRI', 21, 'Perempuan'),
(3179, '242510062', '88525509', 'NAZWA DWI ANGGRAENI', 21, 'Perempuan'),
(3180, '242510378', '95731844', 'NESYA HAURA TASMIRA', 21, 'Perempuan'),
(3181, '242510230', '93497754', 'PUTRI KIRANI SALWIYAH KHALID', 21, 'Perempuan'),
(3182, '242510110', '86545584', 'RAISSA NAZDAH ABDIYANI', 21, 'Perempuan'),
(3183, '242510232', '87399214', 'RAISYA AMALIA', 21, 'Perempuan'),
(3184, '242510070', '92841307', 'REHAN HUSNI SALIM', 21, 'Laki-laki'),
(3185, '242510191', '85821008', 'RENANDO BRAVOCIANO', 21, 'Laki-laki'),
(3186, '242510273', '3080779226', 'SIFA ANGGRAENI', 21, 'Perempuan'),
(3187, '242510424', '95289888', 'WINDY ALYA MUTIARA RAHMAH', 21, 'Perempuan'),
(3188, '242510238', '97220505', 'ZAHRA AULIA KIRANIA', 21, 'Perempuan'),
(3261, '242510353', '89561949', 'ALFAIRA BERLIYANI', 22, 'Perempuan'),
(3262, '242510041', '94191941', 'AMELIA RAHMA ARISTAWATI', 22, 'Perempuan'),
(3263, '242510164', '83626044', 'ANGGITA ASTYANI', 22, 'Perempuan'),
(3264, '242510166', '76086800', 'AULIA AZKA MUKAYYIS', 22, 'Perempuan'),
(3265, '242510086', '95913000', 'AURA DWI ANZHANI', 22, 'Perempuan'),
(3266, '242510043', '95646442', 'AZKA BAHARRIZKI PUTRA HERMANTO', 22, 'Laki-laki'),
(3267, '242510394', '88164501', 'CINTA DWI APRILIANA', 22, 'Perempuan'),
(3268, '242510288', '94718442', 'DERIEL RAFIQAYSA', 22, 'Laki-laki'),
(3269, '242510396', '98792210', 'EFFLLY RACHMAWATI NOERANI', 22, 'Perempuan'),
(3270, '242510046', '89043956', 'FAREL ANDHIKA PUTRA', 22, 'Laki-laki'),
(3271, '242510093', '89421468', 'FATHIN ABIYYU SUKMA', 22, 'Laki-laki'),
(3272, '242510213', '84037929', 'FAWAZA BARIQ ALKAMIL', 22, 'Laki-laki'),
(3273, '242510096', '82191290', 'FITRIA RIZQI AMALIA SUCI', 22, 'Perempuan'),
(3274, '242510293', '81154931', 'GUIDO JOSAFAT', 22, 'Laki-laki'),
(3275, '242510333', '91261825', 'KAYLA HUMAIRA MAULIDA AZZAHRA', 22, 'Perempuan'),
(3276, '242510256', '93688574', 'KEIKO AQILA ANANDIRA', 22, 'Perempuan'),
(3277, '242510334', '81219411', 'KESYA KIANYA QUROTAAYUNI', 22, 'Perempuan'),
(3278, '242510369', '83397715', 'KEYSA REGITA NURFITRI ADRIANA', 22, 'Perempuan'),
(3279, '242510404', '97884501', 'KEYZILA NAFFISAHANIF', 22, 'Perempuan'),
(3280, '242510102', '89647345', 'LAUDYA CANTIKA SARI', 22, 'Perempuan'),
(3281, '242510138', '97310415', 'LESTARI DWI ALTHAFUNISA', 22, 'Perempuan'),
(3282, '242510056', '97736063', 'MUHAMMAD AHNAF ALFAREZI', 22, 'Laki-laki'),
(3283, '242510185', '97653167', 'MUHAMMAD FAUZAN AZMI HANIF', 22, 'Laki-laki'),
(3284, '242510227', '84533001', 'NABIILA NUR TAMIIMAH', 22, 'Perempuan'),
(3285, '242510228', '87907930', 'NABILA GUNAWAN', 22, 'Perempuan'),
(3286, '242510031', '96356610', 'NADIA MAHARANI', 22, 'Perempuan'),
(3287, '242510264', '82559240', 'NADYA NUR ATTIFA RISALMA', 22, 'Perempuan'),
(3288, '242510340', '82371648', 'NAYARI ISNA LATIFAH', 22, 'Perempuan'),
(3289, '242510060', '92490103', 'NAZLA NAIMAH SIBGHATULLAH', 22, 'Perempuan'),
(3290, '242510413', '81488693', 'RADEN MUHAMMAD RAFI SHOLIHUDDIN', 22, 'Laki-laki'),
(3291, '242510109', '98938060', 'RAFI IKHSAN ALRASYID', 22, 'Laki-laki'),
(3292, '242510268', '94992588', 'RAISYA ANGELIA', 22, 'Perempuan'),
(3293, '242510075', '83968805', 'SAFFANAH PUTRI KAMILAH', 22, 'Perempuan'),
(3294, '242510153', '86315065', 'SILMI AGHNIYA AZ-ZAHRA', 22, 'Perempuan'),
(3295, '242510196', '99942370', 'TANTI AZIZAH PUTRI JAMALUDIN', 22, 'Perempuan'),
(3296, '242510237', '92641855', 'TASYA ASTI AURELIA', 22, 'Perempuan'),
(3297, '242510239', '81443370', 'ABDHI RESTU PRATAMA', 23, 'Laki-laki'),
(3298, '242510082', '77233308', 'ADEELA HALWA KHAIRANI', 23, 'Perempuan'),
(3299, '242510161', '95530152', 'AGNA ARUNI AMALIA', 23, 'Perempuan'),
(3300, '242510242', '98409105', 'ALVIN NURAHMAN', 23, 'Laki-laki'),
(3301, '242510206', '85965772', 'AMALIA TRIYANI', 23, 'Perempuan'),
(3302, '242510244', '86322601', 'AMELIA PUTRI PRATIWI', 23, 'Perempuan'),
(3303, '242510278', '96701256', 'ANIS FITRY', 23, 'Perempuan'),
(3304, '242510282', '85414542', 'ANUGRAH WIYASA', 23, 'Laki-laki'),
(3305, '242510123', '94352212', 'ARLYN NAFIZA PUTRI RAHMAN', 23, 'Perempuan'),
(3306, '242510007', '3081028826', 'CAHYA KUMAIRA PUTRI HIDAYAH', 23, 'Perempuan'),
(3307, '242510167', '97984469', 'CHIKA SAKURA', 23, 'Perempuan'),
(3308, '242510210', '101897198', 'DEWI ANDRIYANI', 23, 'Perempuan'),
(3309, '242510289', '93030566', 'DIANA ARISTA', 23, 'Laki-laki'),
(3310, '242510252', '92065253', 'FILDZA KHAIRINA RIDWAN', 23, 'Perempuan'),
(3311, '242510329', '3090168065', 'GARNETTA ARTANTY', 23, 'Perempuan'),
(3312, '242510292', '99966202', 'GHIANDRA MAULANA', 23, 'Perempuan'),
(3313, '242510132', '91430065', 'INTAN AULIA HIDAYAH', 23, 'Perempuan'),
(3314, '242510134', '83864591', 'JIHAN NAQIYA', 23, 'Perempuan'),
(3315, '242510020', '96630335', 'KAFKA ABDEE HAFIEDZ', 23, 'Laki-laki'),
(3316, '242510258', '79470223', 'KENFITRIA SALSABILLA PEGARANI', 23, 'Perempuan'),
(3317, '242510298', '89775160', 'LUBNA LUTFIFFAH', 23, 'Laki-laki'),
(3318, '242510221', '81792912', 'LUTFIAH OKTAFIANI', 23, 'Perempuan'),
(3319, '242510024', '93717526', 'MALFA RAISYA KHANSA', 23, 'Laki-laki'),
(3320, '242510182', '91973930', 'MEGA LESTARI', 23, 'Laki-laki'),
(3321, '242510183', '86007662', 'MUHAMAD ALIFFIAN RAMADHANI', 23, 'Laki-laki'),
(3322, '242510262', '92761255', 'MUHAMMAD ARSYAD ALYASA', 23, 'Laki-laki'),
(3323, '242510259', '3098781299', 'MUHAMMAD RIZKI MALIK ABDILAH', 23, 'Laki-laki'),
(3324, '242510226', '96209432', 'MUHAMMAD ZIYAD ARHATTA', 23, 'Laki-laki'),
(3325, '242510303', '82302994', 'NABILLA KHOIRUNNISA', 23, 'Perempuan'),
(3326, '242510107', '85691465', 'NAZWA HASNA PUTERI', 23, 'Perempuan'),
(3327, '242510063', '99385990', 'NISRINA ANDRIANI MARDIAH', 23, 'Perempuan'),
(3328, '242510108', '88405311', 'OKTAVIANI FITRIA', 23, 'Perempuan'),
(3329, '242510380', '99022887', 'PRISA RAHMA', 23, 'Perempuan'),
(3330, '242510066', '86113153', 'PUTRI TSAMROTUL FUADAH', 23, 'Perempuan'),
(3331, '242510381', '87973538', 'RADEN MOCHAMAD REYHAN FIRDAUS', 23, 'Laki-laki'),
(3332, '242510113', '85808338', 'REYSYA RINDU ANANDA', 23, 'Perempuan'),
(3333, '242510385', '88987256', 'SAMMY ADHITYA RAHMAN', 23, 'Laki-laki'),
(3334, '242510078', '94726224', 'SISKA UMAEROH', 23, 'Perempuan'),
(3335, '242510276', '94336021', 'ZIDANE DZIAULHAQ FAHDILLA', 23, 'Laki-laki'),
(3943, '252610001', '0093563232', 'ADELIA ANANDA PUTRI', 476, 'Perempuan'),
(3944, '252610002', '0091424360', 'AIRA NAURAH ZAIDA', 476, 'Perempuan'),
(3945, '252610003', '0098216101', 'AKHDAM MAULANA RIZKY', 476, 'Laki-laki'),
(3946, '252610004', '0094405844', 'ALFIKRI SURYA AYUBI', 476, 'Laki-laki'),
(3947, '252610005', '0104606607', 'ALIF RAFKA WIJAYA', 476, 'Laki-laki'),
(3948, '252610006', '0095446594', 'ALVINS SONJAYA ALBAR', 476, 'Laki-laki'),
(3949, '252610007', '0095121325', 'AMALIYA SITI MABRURROH', 476, 'Perempuan'),
(3950, '252610008', '0097581098', 'ANNISA HIDAYANTI', 476, 'Perempuan'),
(3951, '252610009', '0107672332', 'AURELL SHABILA JAYNAPUTRI', 476, 'Perempuan'),
(3952, '252610010', '0098239827', 'AZKA MAYLA KHANSA', 476, 'Perempuan'),
(3953, '252610011', '0091095712', 'AZWAR AUFA HARDIANSYAH', 476, 'Laki-laki'),
(3954, '252610012', '0102789907', 'AZZIRA SYIFA SUPANGAT', 476, 'Perempuan'),
(3955, '252610013', '0097604287', 'CHEISYA YOLLANDA PUTRI AZKIA', 476, 'Perempuan'),
(3956, '252610014', '0102493202', 'DAVINA ADHYA KHAIRUNNISA', 476, 'Perempuan'),
(3957, '252610015', '0095180836', 'DEPSA EKA NUGRAHA', 476, 'Laki-laki'),
(3958, '252610016', '0092909295', 'FELLISA PUTRIANI', 476, 'Perempuan'),
(3959, '252610017', '0109789387', 'FIRAS ILMI CAHYADIN', 476, 'Perempuan'),
(3960, '252610018', '0098559297', 'GAZZA AKBAR', 476, 'Laki-laki'),
(3961, '252610019', '0104965756', 'GIO GUCFA AL HAQKI', 476, 'Laki-laki'),
(3962, '252610020', '0095325840', 'HASAN MAULANA', 476, 'Laki-laki'),
(3963, '252610021', '0093049968', 'ICHA KAHERUNNISA', 476, 'Perempuan'),
(3964, '252610022', '3097211597', 'KANZA BERLIANA', 476, 'Perempuan'),
(3965, '252610023', '0091260792', 'KEYLA OKTAVIANI ERYAN PUTRI', 476, 'Perempuan'),
(3966, '252610024', '0096096984', 'KHOIRUNNISA', 476, 'Perempuan'),
(3967, '252610025', '0096890249', 'KIFA AGUSTINA AZ-ZAHRA', 476, 'Perempuan'),
(3968, '252610026', '0094628236', 'LUTHFI FAUZAN PRAYATA', 476, 'Laki-laki'),
(3969, '252610027', '0106017855', 'MASAGUS MUHAMAD HANIF ATHALLAH', 476, 'Laki-laki'),
(3970, '252610028', '0093582245', 'MUHAMMAD DESTA DAVITRAH PUTRA NUGRAHA', 476, 'Laki-laki'),
(3971, '252610029', '0106272994', 'MUHAMMAD FAHRI ABDUL HADI', 476, 'Laki-laki'),
(3972, '252610030', '0097596437', 'MUHAMMAD RAKA IMANSYAH', 476, 'Laki-laki'),
(3973, '252610031', '0102060663', 'MUHAMMAD RAZVAN PUTRA DENA', 476, 'Laki-laki'),
(3974, '252610032', '0109875071', 'NABIL MUKARROM', 476, 'Laki-laki'),
(3975, '252610033', '0094465082', 'NADITA PRATIWI', 476, 'Perempuan'),
(3976, '252610034', '0108682068', 'NADZIFA ZIVANA LETISYA', 476, 'Perempuan'),
(3977, '252610035', '0102638303', 'NAYLA ZULFA SAPHIRA', 476, 'Perempuan'),
(3978, '252610036', '0093078194', 'PUTRI KHOIRUN NISA', 476, 'Perempuan'),
(3979, '252610037', '0093687829', 'RADITYA FACHREZA', 476, 'Laki-laki'),
(3980, '252610038', '0103004404', 'RAFI AHMAD BASIL IBNI MAULUDI', 476, 'Laki-laki'),
(3981, '252610039', '0093618654', 'RAISSA OKTAHAVIAN STEPANI', 476, 'Laki-laki'),
(3982, '252610040', '0098639858', 'RAYNA KHANSA\'A YASNISA', 476, 'Perempuan'),
(3983, '252610041', '0098266032', 'REGINA MELIANI PUTRI', 476, 'Perempuan'),
(3984, '252610042', '0093283561', 'RESTINA SITI MARIYAM', 476, 'Perempuan'),
(3985, '252610043', '0097293475', 'RIKA AMELIA JAELANI', 476, 'Perempuan'),
(3986, '252610044', '3099406088', 'SENDY ANDYKA PURNAMA', 476, 'Laki-laki'),
(3987, '252610045', '0102934008', 'SHOPIA KHAIRUNISA', 476, 'Perempuan'),
(3988, '252610046', '0096817934', 'SILFA SULIASTI NURUL HIJJAH', 476, 'Perempuan'),
(3989, '252610047', '3090259322', 'SYAFA FITRIANI', 476, 'Perempuan'),
(3990, '252610048', '0096080554', 'ULFI FAUZIAH AZKIAH', 476, 'Perempuan'),
(3991, '252610049', '0102013454', 'AGHNIYA NURUL AENI', 477, 'Perempuan'),
(3992, '252610050', '0093890203', 'ALIF KHOLIFAH KHOIRUN NISA', 477, 'Perempuan'),
(3993, '252610051', '0092320462', 'ANUGRAH ROLAS MARTUA MANALU', 477, 'Laki-laki'),
(3994, '252610052', '0094702205', 'ARGA DEVRIKA HUSAENI', 477, 'Laki-laki'),
(3995, '252610053', '0098240286', 'ASHILA MARSA AULIA', 477, 'Perempuan'),
(3996, '252610054', '0096630461', 'AYESSHA PUTRI RINALDI', 477, 'Perempuan'),
(3997, '252610055', '0095113644', 'BELLA ANASTASYA HENDRYANI', 477, 'Perempuan'),
(3998, '252610056', '0099517775', 'BERLI', 477, 'Laki-laki'),
(3999, '252610057', '0099418434', 'CUT KEYLA KITAMI', 477, 'Perempuan'),
(4000, '252610058', '0106582840', 'DAVINA ARDIA ANASTASYA PUTRI', 477, 'Perempuan'),
(4001, '252610059', '0092251221', 'DEA SEPTIANI', 477, 'Perempuan'),
(4002, '252610060', '0099957477', 'DEVIN RIZKY SETIYO PRANOTO', 477, 'Laki-laki'),
(4003, '252610061', '0109066312', 'FADIL FADILAH', 477, 'Laki-laki'),
(4004, '252610062', '0095321713', 'FRISCA CECILIA', 477, 'Perempuan'),
(4005, '252610063', '0106561979', 'GABRIELA FUNNY TAMBUNAN', 477, 'Perempuan'),
(4006, '252610064', '0104553910', 'GIO RAY ANDHIKA ANWAR', 477, 'Laki-laki'),
(4007, '252610065', '0095257514', 'HABIB RISKI AL BHANI', 477, 'Laki-laki'),
(4008, '252610066', '0097147868', 'IKHSAN NUR SALEH', 477, 'Laki-laki'),
(4009, '252610067', '0094086248', 'IKRAM GIBRAN DZIAULHAQ', 477, 'Laki-laki'),
(4010, '252610068', '0104612361', 'IREN SYAFITRI', 477, 'Perempuan'),
(4011, '252610069', '0093546032', 'LAILA FITRIA', 477, 'Perempuan'),
(4012, '252610070', '0101777497', 'MEIKAL PUTRA BANI PERDANA', 477, 'Laki-laki'),
(4013, '252610071', '0104986863', 'MOHAMAD ARIF NURROHMAN', 477, 'Laki-laki'),
(4014, '252610072', '0096457486', 'MUHAMMAD DHAFIN AR RAZI', 477, 'Laki-laki'),
(4015, '252610073', '0099964275', 'MUHAMMAD RAIHAN', 477, 'Laki-laki'),
(4016, '252610074', '3096412917', 'MUHAMMAD REZA ABDILLAH', 477, 'Laki-laki'),
(4017, '252610075', '0097960712', 'NABILA MUFIDA WIBOWO', 477, 'Perempuan'),
(4018, '252610076', '0093285040', 'NABILLA PUTRI RAHAYU', 477, 'Perempuan'),
(4019, '252610077', '0104093360', 'NADIVA NURUL ASYIFA', 477, 'Perempuan'),
(4020, '252610078', '0106946745', 'NAFA HANIFAH FEBRIANI', 477, 'Perempuan'),
(4021, '252610079', '0104433358', 'NANDA SHAFA KIRANA', 477, 'Perempuan'),
(4022, '252610080', '0093682099', 'NAZWA AULIA SALSABILA', 477, 'Perempuan'),
(4023, '252610081', '0096301062', 'NUR FADILLAH', 477, 'Perempuan'),
(4024, '252610082', '0106409372', 'NURRAKHMANITA AZZAHRA', 477, 'Perempuan'),
(4025, '252610083', '0092199743', 'QEANO OKTAVIA SWARANANDA', 477, 'Laki-laki'),
(4026, '252610084', '3098727235', 'QIARA PUTRI AZURA', 477, 'Perempuan'),
(4027, '252610085', '0097514805', 'RAFLI ABDUL MAULANA', 477, 'Laki-laki'),
(4028, '252610086', '0096988018', 'RANGGA DWI KURNIYANTO', 477, 'Laki-laki'),
(4029, '252610087', '0094538843', 'REIYA AZREL KUNKEYRA', 477, 'Perempuan'),
(4030, '252610088', '0105716730', 'REVINA FEBRIANTI', 477, 'Perempuan'),
(4031, '252610089', '0091512312', 'REYSA NUR\'AENI', 477, 'Perempuan'),
(4032, '252610090', '0097536978', 'RICKY FIRMAN HERDIANSYAH', 477, 'Laki-laki'),
(4033, '252610091', '0109712566', 'RINDU ZIDNI ZAKIA', 477, 'Perempuan'),
(4034, '252610092', '0102506916', 'SAEFUDYN MUHAMMAD AF GHANY', 477, 'Laki-laki'),
(4035, '252610093', '0091521030', 'SHANDY AWALUDIN', 477, 'Laki-laki'),
(4036, '252610094', '0093717009', 'SINTIA NURAINI', 477, 'Perempuan'),
(4037, '252610095', '0093085474', 'SITI MAEMUNAH RAHMADANI', 477, 'Perempuan'),
(4038, '252610096', '0091819121', 'SYAHRINY OKTAVIANI RAHAYU', 477, 'Perempuan'),
(4039, '252610097', '0102533234', 'ADAM RIDHO NUR AKBAR', 478, 'Laki-laki'),
(4040, '252610098', '0095812253', 'ALIIFAH NURSASMITA', 478, 'Perempuan'),
(4041, '252610099', '0103717465', 'ALISHA NATHA MARSELA', 478, 'Perempuan'),
(4042, '252610100', '0103349724', 'ARKAN KHAIRY RAHMAN', 478, 'Laki-laki'),
(4043, '252610101', '0092780358', 'AYU ARIYANTI', 478, 'Perempuan'),
(4044, '252610102', '0106796556', 'CAHAYA SRI MAHADEWI', 478, 'Perempuan'),
(4045, '252610103', '0104430518', 'CALVIN NAIBAHO', 478, 'Laki-laki'),
(4046, '252610104', '0098332774', 'CANDRA SANI ANANDA', 478, 'Laki-laki'),
(4047, '252610105', '0096700921', 'DAANISH SHAZIYA DESTRIAR RAHMAT', 478, 'Laki-laki'),
(4048, '252610106', '3099740259', 'DARA ELVARIA ZULIA', 478, 'Perempuan'),
(4049, '252610107', '3105837808', 'DELLA SITI MUNAZAH MARDIAH', 478, 'Perempuan'),
(4050, '252610108', '0094909590', 'DEVIA ANATASYA', 478, 'Perempuan'),
(4051, '252610109', '0092173922', 'DHAFIN RAZAQA PUTRA', 478, 'Laki-laki'),
(4052, '252610111', '0095959355', 'GHIANDA CETTA DESTRIANTI', 478, 'Perempuan'),
(4053, '252610112', '3104934369', 'GRACE RACHEL', 478, 'Perempuan'),
(4054, '252610113', '0093796158', 'HARTA AL KINDI', 478, 'Laki-laki'),
(4055, '252610114', '0099717769', 'HELGA DESNATALIA ZEGA', 478, 'Perempuan'),
(4056, '252610115', '0105807615', 'ISAIAH KENNETH ONGGELENG', 478, 'Laki-laki'),
(4057, '252610116', '0108284559', 'KAMELIA ARBA INARUS', 478, 'Perempuan'),
(4058, '252610117', '0104062616', 'KEYLA PUTRI APRILIA', 478, 'Perempuan'),
(4059, '252610118', '0107159648', 'LAYLA NUR ANNISAH', 478, 'Perempuan'),
(4060, '252610119', '0098464619', 'MOCHAMAD IRWAN BEARLIANA', 478, 'Laki-laki'),
(4061, '252610120', '0099445241', 'MUHAMAD BAGAS JULIAN FAHREZI', 478, 'Laki-laki'),
(4062, '252610121', '0105108878', 'MUHAMMAD LEVIDHYA KERTYA PRATAMA', 478, 'Laki-laki'),
(4063, '252610122', '0108380586', 'MUHAMMAD NUR GHANI', 478, 'Laki-laki'),
(4064, '252610123', '0095300849', 'MUHAMMAD REZKY SAID PUTRA RAMADHAN', 478, 'Laki-laki'),
(4065, '252610124', '0094789529', 'MUTIARA RAHMADEWI', 478, 'Perempuan'),
(4066, '252610125', '0098911128', 'NAFISAH NAILAL HUSNA', 478, 'Perempuan'),
(4067, '252610126', '0104468091', 'NAILA IKRIMATUN NISA', 478, 'Perempuan'),
(4068, '252610127', '0101695135', 'NATASYA AMELIA PUTRI', 478, 'Perempuan'),
(4069, '252610128', '0099405495', 'NAZWA NUR AMELIA', 478, 'Perempuan'),
(4070, '252610129', '0096265739', 'PUTRA PERMANA SIDIK', 478, 'Laki-laki'),
(4071, '252610130', '0092976783', 'QONITA NAILA HAZNA', 478, 'Perempuan'),
(4072, '252610131', '0091854312', 'RAAFI DWI PRADIPTA', 478, 'Laki-laki'),
(4073, '252610132', '0093910542', 'RASYA PRIATNA PUTRA', 478, 'Laki-laki'),
(4074, '252610133', '0109568036', 'REYHAN FAJAR JUNIAN', 478, 'Laki-laki'),
(4075, '252610134', '0104732085', 'REZQI NURASSYIFA RAMADHANI', 478, 'Perempuan'),
(4076, '252610135', '0107321707', 'RIFKI RADITYA', 478, 'Laki-laki'),
(4077, '252610136', '0092574917', 'RISKI JULIANSYAH', 478, 'Laki-laki'),
(4078, '252610137', '0103181045', 'RISMA ANZANI FITRIANI', 478, 'Perempuan'),
(4079, '252610138', '0096278562', 'RIYANI RAHMADANI', 478, 'Perempuan'),
(4080, '252610139', '0096561146', 'SABRINA NOVANTI', 478, 'Perempuan'),
(4081, '252610140', '0093627667', 'SISIL NOVITA HEMANINGSIH', 478, 'Perempuan'),
(4082, '252610141', '0096456159', 'SITI MARWAH SOLIHAH', 478, 'Perempuan'),
(4083, '252610142', '0096593185', 'SYAHRIEL AL MULKHIANSYAH', 478, 'Laki-laki'),
(4084, '252610143', '0109791707', 'SYERA AURELIA AZAHRA AZKIYA KURNIAWAN', 478, 'Perempuan'),
(4085, '252610144', '3091779992', 'WULAN AULIA', 478, 'Perempuan'),
(4229, '252610110', '1111', 'FIDELA DIDRIKA NARESWARI', 478, 'Perempuan'),
(4342, '1212', '12123', 'Nate Satu', 773, 'Laki-laki');

-- --------------------------------------------------------

--
-- Struktur dari tabel `users`
--

CREATE TABLE `users` (
  `id` int(11) NOT NULL,
  `username` varchar(50) NOT NULL,
  `password` varchar(255) NOT NULL,
  `nama` varchar(100) NOT NULL,
  `role` enum('admin','guru') NOT NULL DEFAULT 'guru'
) ENGINE=InnoDB DEFAULT CHARSET=utf8mb4 COLLATE=utf8mb4_unicode_ci;

--
-- Dumping data untuk tabel `users`
--

INSERT INTO `users` (`id`, `username`, `password`, `nama`, `role`) VALUES
(1, 'admin', '$2y$10$3.dK/h.S4dqfZ9qYVO0DSeCA5nyk7c3OOi5B3UmAOwIks.4RZW8mS', 'Administrator', 'admin');

--
-- Indexes for dumped tables
--

--
-- Indeks untuk tabel `absensi`
--
ALTER TABLE `absensi`
  ADD PRIMARY KEY (`id`),
  ADD KEY `siswa_id` (`siswa_id`);

--
-- Indeks untuk tabel `kelas`
--
ALTER TABLE `kelas`
  ADD PRIMARY KEY (`id`);

--
-- Indeks untuk tabel `siswa`
--
ALTER TABLE `siswa`
  ADD PRIMARY KEY (`id`),
  ADD UNIQUE KEY `nis` (`nis`),
  ADD UNIQUE KEY `nisn` (`nisn`),
  ADD KEY `kelas_id` (`kelas_id`);

--
-- Indeks untuk tabel `users`
--
ALTER TABLE `users`
  ADD PRIMARY KEY (`id`),
  ADD UNIQUE KEY `username` (`username`);

--
-- AUTO_INCREMENT untuk tabel yang dibuang
--

--
-- AUTO_INCREMENT untuk tabel `absensi`
--
ALTER TABLE `absensi`
  MODIFY `id` int(11) NOT NULL AUTO_INCREMENT, AUTO_INCREMENT=9596;

--
-- AUTO_INCREMENT untuk tabel `kelas`
--
ALTER TABLE `kelas`
  MODIFY `id` int(11) NOT NULL AUTO_INCREMENT, AUTO_INCREMENT=774;

--
-- AUTO_INCREMENT untuk tabel `siswa`
--
ALTER TABLE `siswa`
  MODIFY `id` int(11) NOT NULL AUTO_INCREMENT, AUTO_INCREMENT=4343;

--
-- AUTO_INCREMENT untuk tabel `users`
--
ALTER TABLE `users`
  MODIFY `id` int(11) NOT NULL AUTO_INCREMENT, AUTO_INCREMENT=2;
COMMIT;

/*!40101 SET CHARACTER_SET_CLIENT=@OLD_CHARACTER_SET_CLIENT */;
/*!40101 SET CHARACTER_SET_RESULTS=@OLD_CHARACTER_SET_RESULTS */;
/*!40101 SET COLLATION_CONNECTION=@OLD_COLLATION_CONNECTION */;
