-- phpMyAdmin SQL Dump
-- version 5.2.1
-- https://www.phpmyadmin.net/
--
-- Host: localhost
-- Waktu pembuatan: 28 Jul 2025 pada 11.09
-- Versi server: 10.4.32-MariaDB
-- Versi PHP: 8.2.12

SET SQL_MODE = "NO_AUTO_VALUE_ON_ZERO";
START TRANSACTION;
SET time_zone = "+00:00";


/*!40101 SET @OLD_CHARACTER_SET_CLIENT=@@CHARACTER_SET_CLIENT */;
/*!40101 SET @OLD_CHARACTER_SET_RESULTS=@@CHARACTER_SET_RESULTS */;
/*!40101 SET @OLD_COLLATION_CONNECTION=@@COLLATION_CONNECTION */;
/*!40101 SET NAMES utf8mb4 */;

--
-- Database: `absensi_db3`
--

-- --------------------------------------------------------

--
-- Struktur dari tabel `absensi`
--

CREATE TABLE `absensi` (
  `id` int(11) NOT NULL,
  `siswa_id` int(11) NOT NULL,
  `tanggal` date NOT NULL,
  `status` enum('Hadir','Sakit','Izin','Alfa','Terlambat') NOT NULL
) ENGINE=InnoDB DEFAULT CHARSET=utf8mb4 COLLATE=utf8mb4_unicode_ci;

--
-- Dumping data untuk tabel `absensi`
--

INSERT INTO `absensi` (`id`, `siswa_id`, `tanggal`, `status`) VALUES
(6654, 3261, '2025-07-14', 'Hadir'),
(6655, 3262, '2025-07-14', 'Hadir'),
(6656, 3263, '2025-07-14', 'Hadir'),
(6657, 3264, '2025-07-14', 'Hadir'),
(6658, 3265, '2025-07-14', 'Hadir'),
(6659, 3266, '2025-07-14', 'Hadir'),
(6660, 3267, '2025-07-14', 'Hadir'),
(6661, 3268, '2025-07-14', 'Hadir'),
(6662, 3269, '2025-07-14', 'Hadir'),
(6663, 3270, '2025-07-14', 'Hadir'),
(6664, 3271, '2025-07-14', 'Hadir'),
(6665, 3272, '2025-07-14', 'Hadir'),
(6666, 3273, '2025-07-14', 'Hadir'),
(6667, 3274, '2025-07-14', 'Hadir'),
(6668, 3275, '2025-07-14', 'Hadir'),
(6669, 3276, '2025-07-14', 'Hadir'),
(6670, 3277, '2025-07-14', 'Hadir'),
(6671, 3278, '2025-07-14', 'Hadir'),
(6672, 3279, '2025-07-14', 'Hadir'),
(6673, 3280, '2025-07-14', 'Hadir'),
(6674, 3281, '2025-07-14', 'Hadir'),
(6675, 3282, '2025-07-14', 'Hadir'),
(6676, 3283, '2025-07-14', 'Hadir'),
(6677, 3284, '2025-07-14', 'Hadir'),
(6678, 3285, '2025-07-14', 'Hadir'),
(6679, 3286, '2025-07-14', 'Hadir'),
(6680, 3287, '2025-07-14', 'Hadir'),
(6681, 3288, '2025-07-14', 'Hadir'),
(6682, 3289, '2025-07-14', 'Hadir'),
(6683, 3290, '2025-07-14', 'Hadir'),
(6684, 3291, '2025-07-14', 'Hadir'),
(6685, 3292, '2025-07-14', 'Hadir'),
(6686, 3293, '2025-07-14', 'Hadir'),
(6687, 3294, '2025-07-14', 'Hadir'),
(6688, 3295, '2025-07-14', 'Hadir'),
(6689, 3296, '2025-07-14', 'Hadir'),
(6690, 3297, '2025-07-15', 'Hadir'),
(6691, 3298, '2025-07-15', 'Hadir'),
(6692, 3299, '2025-07-15', 'Hadir'),
(6693, 3300, '2025-07-15', 'Hadir'),
(6694, 3301, '2025-07-15', 'Hadir'),
(6695, 3302, '2025-07-15', 'Hadir'),
(6696, 3303, '2025-07-15', 'Hadir'),
(6697, 3304, '2025-07-15', 'Hadir'),
(6698, 3305, '2025-07-15', 'Hadir'),
(6699, 3306, '2025-07-15', 'Hadir'),
(6700, 3307, '2025-07-15', 'Hadir'),
(6701, 3308, '2025-07-15', 'Hadir'),
(6702, 3309, '2025-07-15', 'Hadir'),
(6703, 3310, '2025-07-15', 'Hadir'),
(6704, 3311, '2025-07-15', 'Hadir'),
(6705, 3312, '2025-07-15', 'Hadir'),
(6706, 3313, '2025-07-15', 'Hadir'),
(6707, 3314, '2025-07-15', 'Hadir'),
(6708, 3315, '2025-07-15', 'Hadir'),
(6709, 3316, '2025-07-15', 'Hadir'),
(6710, 3317, '2025-07-15', 'Hadir'),
(6711, 3318, '2025-07-15', 'Hadir'),
(6712, 3319, '2025-07-15', 'Hadir'),
(6713, 3320, '2025-07-15', 'Hadir'),
(6714, 3321, '2025-07-15', 'Hadir'),
(6715, 3322, '2025-07-15', 'Hadir'),
(6716, 3324, '2025-07-15', 'Hadir'),
(6717, 3325, '2025-07-15', 'Hadir'),
(6718, 3326, '2025-07-15', 'Hadir'),
(6719, 3327, '2025-07-15', 'Hadir'),
(6720, 3328, '2025-07-15', 'Hadir'),
(6721, 3329, '2025-07-15', 'Hadir'),
(6722, 3330, '2025-07-15', 'Hadir'),
(6723, 3331, '2025-07-15', 'Hadir'),
(6724, 3332, '2025-07-15', 'Hadir'),
(6725, 3333, '2025-07-15', 'Hadir'),
(6726, 3334, '2025-07-15', 'Hadir'),
(6727, 3335, '2025-07-15', 'Hadir'),
(6728, 3943, '2025-07-15', 'Hadir'),
(6729, 3944, '2025-07-15', 'Hadir'),
(6730, 3945, '2025-07-15', 'Hadir'),
(6731, 3946, '2025-07-15', 'Hadir'),
(6732, 3947, '2025-07-15', 'Hadir'),
(6733, 3948, '2025-07-15', 'Hadir'),
(6734, 3949, '2025-07-15', 'Hadir'),
(6735, 3950, '2025-07-15', 'Hadir'),
(6736, 3951, '2025-07-15', 'Hadir'),
(6737, 3952, '2025-07-15', 'Hadir'),
(6738, 3953, '2025-07-15', 'Hadir'),
(6739, 3954, '2025-07-15', 'Hadir'),
(6740, 3955, '2025-07-15', 'Hadir'),
(6741, 3956, '2025-07-15', 'Hadir'),
(6742, 3957, '2025-07-15', 'Hadir'),
(6743, 3958, '2025-07-15', 'Hadir'),
(6744, 3959, '2025-07-15', 'Hadir'),
(6745, 3960, '2025-07-15', 'Hadir'),
(6746, 3961, '2025-07-15', 'Hadir'),
(6747, 3962, '2025-07-15', 'Hadir'),
(6748, 3963, '2025-07-15', 'Hadir'),
(6749, 3964, '2025-07-15', 'Hadir'),
(6750, 3965, '2025-07-15', 'Hadir'),
(6751, 3966, '2025-07-15', 'Hadir'),
(6752, 3967, '2025-07-15', 'Hadir'),
(6753, 3968, '2025-07-15', 'Hadir'),
(6754, 3969, '2025-07-15', 'Hadir'),
(6755, 3970, '2025-07-15', 'Hadir'),
(6756, 3971, '2025-07-15', 'Hadir'),
(6757, 3972, '2025-07-15', 'Hadir'),
(6758, 3973, '2025-07-15', 'Hadir'),
(6759, 3974, '2025-07-15', 'Hadir'),
(6760, 3975, '2025-07-15', 'Hadir'),
(6761, 3976, '2025-07-15', 'Hadir'),
(6762, 3977, '2025-07-15', 'Hadir'),
(6763, 3978, '2025-07-15', 'Hadir'),
(6764, 3979, '2025-07-15', 'Hadir'),
(6765, 3980, '2025-07-15', 'Hadir'),
(6766, 3981, '2025-07-15', 'Hadir'),
(6767, 3982, '2025-07-15', 'Hadir'),
(6768, 3983, '2025-07-15', 'Hadir'),
(6769, 3984, '2025-07-15', 'Hadir'),
(6770, 3985, '2025-07-15', 'Hadir'),
(6771, 3986, '2025-07-15', 'Hadir'),
(6772, 3987, '2025-07-15', 'Hadir'),
(6773, 3988, '2025-07-15', 'Hadir'),
(6774, 3989, '2025-07-15', 'Hadir'),
(6775, 3990, '2025-07-15', 'Hadir'),
(6776, 3991, '2025-07-16', 'Hadir'),
(6777, 3992, '2025-07-16', 'Hadir'),
(6778, 3993, '2025-07-16', 'Hadir'),
(6779, 3994, '2025-07-16', 'Hadir'),
(6780, 3995, '2025-07-16', 'Hadir'),
(6781, 3996, '2025-07-16', 'Hadir'),
(6782, 3997, '2025-07-16', 'Hadir'),
(6783, 3998, '2025-07-16', 'Hadir'),
(6784, 3999, '2025-07-16', 'Hadir'),
(6785, 4000, '2025-07-16', 'Hadir'),
(6786, 4001, '2025-07-16', 'Hadir'),
(6787, 4002, '2025-07-16', 'Hadir'),
(6788, 4003, '2025-07-16', 'Hadir'),
(6789, 4004, '2025-07-16', 'Hadir'),
(6790, 4005, '2025-07-16', 'Hadir'),
(6791, 4006, '2025-07-16', 'Hadir'),
(6792, 4007, '2025-07-16', 'Hadir'),
(6793, 4008, '2025-07-16', 'Hadir'),
(6794, 4009, '2025-07-16', 'Hadir'),
(6795, 4010, '2025-07-16', 'Hadir'),
(6796, 4011, '2025-07-16', 'Hadir'),
(6797, 4012, '2025-07-16', 'Hadir'),
(6798, 4013, '2025-07-16', 'Hadir'),
(6799, 4014, '2025-07-16', 'Hadir'),
(6800, 4015, '2025-07-16', 'Hadir'),
(6801, 4016, '2025-07-16', 'Hadir'),
(6802, 4017, '2025-07-16', 'Hadir'),
(6803, 4018, '2025-07-16', 'Hadir'),
(6804, 4019, '2025-07-16', 'Hadir'),
(6805, 4020, '2025-07-16', 'Hadir'),
(6806, 4021, '2025-07-16', 'Hadir'),
(6807, 4022, '2025-07-16', 'Hadir'),
(6808, 4023, '2025-07-16', 'Hadir'),
(6809, 4024, '2025-07-16', 'Hadir'),
(6810, 4025, '2025-07-16', 'Hadir'),
(6811, 4026, '2025-07-16', 'Hadir'),
(6812, 4027, '2025-07-16', 'Hadir'),
(6813, 4028, '2025-07-16', 'Hadir'),
(6814, 4029, '2025-07-16', 'Hadir'),
(6815, 4030, '2025-07-16', 'Hadir'),
(6816, 4031, '2025-07-16', 'Hadir'),
(6817, 4032, '2025-07-16', 'Hadir'),
(6818, 4033, '2025-07-16', 'Hadir'),
(6819, 4034, '2025-07-16', 'Hadir'),
(6820, 4035, '2025-07-16', 'Hadir'),
(6821, 4036, '2025-07-16', 'Hadir'),
(6822, 4037, '2025-07-16', 'Hadir'),
(6823, 4038, '2025-07-16', 'Hadir'),
(6824, 3155, '2025-07-17', 'Hadir'),
(6825, 3156, '2025-07-17', 'Hadir'),
(6826, 3157, '2025-07-17', 'Hadir'),
(6827, 3158, '2025-07-17', 'Hadir'),
(6828, 3159, '2025-07-17', 'Hadir'),
(6829, 3160, '2025-07-17', 'Hadir'),
(6830, 3161, '2025-07-17', 'Hadir'),
(6831, 3162, '2025-07-17', 'Hadir'),
(6832, 3163, '2025-07-17', 'Hadir'),
(6833, 3164, '2025-07-17', 'Hadir'),
(6834, 3165, '2025-07-17', 'Hadir'),
(6835, 3166, '2025-07-17', 'Hadir'),
(6836, 3167, '2025-07-17', 'Hadir'),
(6837, 3168, '2025-07-17', 'Hadir'),
(6838, 3170, '2025-07-17', 'Hadir'),
(6839, 3169, '2025-07-17', 'Hadir'),
(6840, 3171, '2025-07-17', 'Hadir'),
(6841, 3172, '2025-07-17', 'Hadir'),
(6842, 3173, '2025-07-17', 'Hadir'),
(6843, 3174, '2025-07-17', 'Hadir'),
(6844, 3175, '2025-07-17', 'Hadir'),
(6845, 3176, '2025-07-17', 'Hadir'),
(6846, 3177, '2025-07-17', 'Hadir'),
(6847, 3178, '2025-07-17', 'Hadir'),
(6848, 3179, '2025-07-17', 'Hadir'),
(6849, 3180, '2025-07-17', 'Hadir'),
(6850, 3181, '2025-07-17', 'Hadir'),
(6851, 3182, '2025-07-17', 'Hadir'),
(6852, 3183, '2025-07-17', 'Hadir'),
(6853, 3184, '2025-07-17', 'Hadir'),
(6854, 3185, '2025-07-17', 'Hadir'),
(6855, 3186, '2025-07-17', 'Hadir'),
(6856, 3187, '2025-07-17', 'Hadir'),
(6857, 3188, '2025-07-17', 'Hadir'),
(6858, 4039, '2025-07-18', 'Hadir'),
(6859, 4040, '2025-07-18', 'Hadir'),
(6860, 4041, '2025-07-18', 'Hadir'),
(6861, 4042, '2025-07-18', 'Hadir'),
(6862, 4043, '2025-07-18', 'Hadir'),
(6863, 4044, '2025-07-18', 'Hadir'),
(6864, 4045, '2025-07-18', 'Hadir'),
(6865, 4046, '2025-07-18', 'Hadir'),
(6866, 4047, '2025-07-18', 'Hadir'),
(6867, 4048, '2025-07-18', 'Hadir'),
(6868, 4049, '2025-07-18', 'Hadir'),
(6869, 4050, '2025-07-18', 'Hadir'),
(6870, 4051, '2025-07-18', 'Hadir'),
(6871, 4229, '2025-07-18', 'Hadir'),
(6872, 4052, '2025-07-18', 'Hadir'),
(6873, 4053, '2025-07-18', 'Hadir'),
(6874, 4054, '2025-07-18', 'Hadir'),
(6875, 4055, '2025-07-18', 'Hadir'),
(6876, 4056, '2025-07-18', 'Hadir'),
(6877, 4057, '2025-07-18', 'Hadir'),
(6878, 4058, '2025-07-18', 'Hadir'),
(6879, 4059, '2025-07-18', 'Hadir'),
(6880, 4060, '2025-07-18', 'Hadir'),
(6881, 4061, '2025-07-18', 'Hadir'),
(6882, 4062, '2025-07-18', 'Hadir'),
(6883, 4063, '2025-07-18', 'Hadir'),
(6884, 4064, '2025-07-18', 'Hadir'),
(6885, 4065, '2025-07-18', 'Hadir'),
(6886, 4066, '2025-07-18', 'Hadir'),
(6887, 4067, '2025-07-18', 'Hadir'),
(6888, 4068, '2025-07-18', 'Hadir'),
(6889, 4069, '2025-07-18', 'Hadir'),
(6890, 4070, '2025-07-18', 'Hadir'),
(6891, 4071, '2025-07-18', 'Hadir'),
(6892, 4072, '2025-07-18', 'Hadir'),
(6893, 4073, '2025-07-18', 'Hadir'),
(6894, 4074, '2025-07-18', 'Hadir'),
(6895, 4075, '2025-07-18', 'Hadir'),
(6896, 4076, '2025-07-18', 'Hadir'),
(6897, 4077, '2025-07-18', 'Hadir'),
(6898, 4078, '2025-07-18', 'Hadir'),
(6899, 4079, '2025-07-18', 'Hadir'),
(6900, 4080, '2025-07-18', 'Hadir'),
(6901, 4081, '2025-07-18', 'Hadir'),
(6902, 4082, '2025-07-18', 'Hadir'),
(6903, 4083, '2025-07-18', 'Hadir'),
(6904, 4084, '2025-07-18', 'Hadir'),
(6905, 4085, '2025-07-18', 'Hadir'),
(6906, 3336, '2025-07-19', 'Hadir'),
(6907, 3337, '2025-07-19', 'Hadir'),
(6908, 3338, '2025-07-19', 'Hadir'),
(6909, 3339, '2025-07-19', 'Hadir'),
(6910, 3340, '2025-07-19', 'Hadir'),
(6911, 3341, '2025-07-19', 'Hadir'),
(6912, 3342, '2025-07-19', 'Hadir'),
(6913, 3343, '2025-07-19', 'Hadir'),
(6914, 3344, '2025-07-19', 'Hadir'),
(6915, 3345, '2025-07-19', 'Hadir'),
(6916, 3346, '2025-07-19', 'Hadir'),
(6917, 3347, '2025-07-19', 'Hadir'),
(6918, 3348, '2025-07-19', 'Hadir'),
(6919, 3349, '2025-07-19', 'Hadir'),
(6920, 3350, '2025-07-19', 'Sakit'),
(6921, 3351, '2025-07-19', 'Hadir'),
(6922, 3352, '2025-07-19', 'Hadir'),
(6923, 3353, '2025-07-19', 'Hadir'),
(6924, 3354, '2025-07-19', 'Hadir'),
(6925, 3355, '2025-07-19', 'Hadir'),
(6926, 3356, '2025-07-19', 'Hadir'),
(6927, 3357, '2025-07-19', 'Hadir'),
(6928, 3323, '2025-07-19', 'Hadir'),
(6929, 3358, '2025-07-19', 'Hadir'),
(6930, 3359, '2025-07-19', 'Hadir'),
(6931, 3360, '2025-07-19', 'Hadir'),
(6932, 3361, '2025-07-19', 'Hadir'),
(6933, 3362, '2025-07-19', 'Hadir'),
(6934, 3363, '2025-07-19', 'Hadir'),
(6935, 3364, '2025-07-19', 'Hadir'),
(6936, 3365, '2025-07-19', 'Hadir'),
(6937, 3366, '2025-07-19', 'Hadir'),
(6938, 3367, '2025-07-19', 'Hadir'),
(6939, 3368, '2025-07-19', 'Hadir'),
(6940, 3369, '2025-07-19', 'Hadir'),
(6941, 3370, '2025-07-19', 'Hadir'),
(6942, 3371, '2025-07-19', 'Hadir'),
(6943, 3372, '2025-07-19', 'Hadir'),
(6944, 3155, '2025-07-19', 'Hadir'),
(6945, 3156, '2025-07-19', 'Hadir'),
(6946, 3157, '2025-07-19', 'Hadir'),
(6947, 3158, '2025-07-19', 'Hadir'),
(6948, 3159, '2025-07-19', 'Hadir'),
(6949, 3160, '2025-07-19', 'Hadir'),
(6950, 3161, '2025-07-19', 'Hadir'),
(6951, 3162, '2025-07-19', 'Hadir'),
(6952, 3163, '2025-07-19', 'Hadir'),
(6953, 3164, '2025-07-19', 'Hadir'),
(6954, 3165, '2025-07-19', 'Hadir'),
(6955, 3166, '2025-07-19', 'Hadir'),
(6956, 3167, '2025-07-19', 'Hadir'),
(6957, 3168, '2025-07-19', 'Hadir'),
(6958, 3170, '2025-07-19', 'Hadir'),
(6959, 3169, '2025-07-19', 'Hadir'),
(6960, 3171, '2025-07-19', 'Hadir'),
(6961, 3172, '2025-07-19', 'Hadir'),
(6962, 3173, '2025-07-19', 'Hadir'),
(6963, 3174, '2025-07-19', 'Hadir'),
(6964, 3175, '2025-07-19', 'Hadir'),
(6965, 3176, '2025-07-19', 'Hadir'),
(6966, 3177, '2025-07-19', 'Hadir'),
(6967, 3178, '2025-07-19', 'Hadir'),
(6968, 3179, '2025-07-19', 'Hadir'),
(6969, 3180, '2025-07-19', 'Hadir'),
(6970, 3181, '2025-07-19', 'Hadir'),
(6971, 3182, '2025-07-19', 'Hadir'),
(6972, 3183, '2025-07-19', 'Hadir'),
(6973, 3184, '2025-07-19', 'Hadir'),
(6974, 3185, '2025-07-19', 'Hadir'),
(6975, 3186, '2025-07-19', 'Hadir'),
(6976, 3187, '2025-07-19', 'Hadir'),
(6977, 3188, '2025-07-19', 'Hadir'),
(6978, 3943, '2025-07-19', 'Hadir'),
(6979, 3944, '2025-07-19', 'Hadir'),
(6980, 3945, '2025-07-19', 'Hadir'),
(6981, 3946, '2025-07-19', 'Hadir'),
(6982, 3947, '2025-07-19', 'Hadir'),
(6983, 3948, '2025-07-19', 'Hadir'),
(6984, 3949, '2025-07-19', 'Hadir'),
(6985, 3950, '2025-07-19', 'Hadir'),
(6986, 3951, '2025-07-19', 'Hadir'),
(6987, 3952, '2025-07-19', 'Hadir'),
(6988, 3953, '2025-07-19', 'Hadir'),
(6989, 3954, '2025-07-19', 'Hadir'),
(6990, 3955, '2025-07-19', 'Hadir'),
(6991, 3956, '2025-07-19', 'Hadir'),
(6992, 3957, '2025-07-19', 'Hadir'),
(6993, 3958, '2025-07-19', 'Hadir'),
(6994, 3959, '2025-07-19', 'Hadir'),
(6995, 3960, '2025-07-19', 'Hadir'),
(6996, 3961, '2025-07-19', 'Hadir'),
(6997, 3962, '2025-07-19', 'Hadir'),
(6998, 3963, '2025-07-19', 'Hadir'),
(6999, 3964, '2025-07-19', 'Hadir'),
(7000, 3965, '2025-07-19', 'Hadir'),
(7001, 3966, '2025-07-19', 'Hadir'),
(7002, 3967, '2025-07-19', 'Hadir'),
(7003, 3968, '2025-07-19', 'Hadir'),
(7004, 3969, '2025-07-19', 'Hadir'),
(7005, 3970, '2025-07-19', 'Hadir'),
(7006, 3971, '2025-07-19', 'Hadir'),
(7007, 3972, '2025-07-19', 'Hadir'),
(7008, 3973, '2025-07-19', 'Hadir'),
(7009, 3974, '2025-07-19', 'Hadir'),
(7010, 3975, '2025-07-19', 'Hadir'),
(7011, 3976, '2025-07-19', 'Hadir'),
(7012, 3977, '2025-07-19', 'Hadir'),
(7013, 3978, '2025-07-19', 'Hadir'),
(7014, 3979, '2025-07-19', 'Hadir'),
(7015, 3980, '2025-07-19', 'Hadir'),
(7016, 3981, '2025-07-19', 'Hadir'),
(7017, 3982, '2025-07-19', 'Hadir'),
(7018, 3983, '2025-07-19', 'Hadir'),
(7019, 3984, '2025-07-19', 'Hadir'),
(7020, 3985, '2025-07-19', 'Hadir'),
(7021, 3986, '2025-07-19', 'Hadir'),
(7022, 3987, '2025-07-19', 'Hadir'),
(7023, 3988, '2025-07-19', 'Hadir'),
(7024, 3989, '2025-07-19', 'Hadir'),
(7025, 3990, '2025-07-19', 'Hadir'),
(7026, 3991, '2025-07-19', 'Hadir'),
(7027, 3992, '2025-07-19', 'Hadir'),
(7028, 3993, '2025-07-19', 'Hadir'),
(7029, 3994, '2025-07-19', 'Hadir'),
(7030, 3995, '2025-07-19', 'Hadir'),
(7031, 3996, '2025-07-19', 'Hadir'),
(7032, 3997, '2025-07-19', 'Hadir'),
(7033, 3998, '2025-07-19', 'Hadir'),
(7034, 3999, '2025-07-19', 'Hadir'),
(7035, 4000, '2025-07-19', 'Hadir'),
(7036, 4001, '2025-07-19', 'Hadir'),
(7037, 4002, '2025-07-19', 'Hadir'),
(7038, 4003, '2025-07-19', 'Hadir'),
(7039, 4004, '2025-07-19', 'Hadir'),
(7040, 4005, '2025-07-19', 'Hadir'),
(7041, 4006, '2025-07-19', 'Hadir'),
(7042, 4007, '2025-07-19', 'Hadir'),
(7043, 4008, '2025-07-19', 'Hadir'),
(7044, 4009, '2025-07-19', 'Hadir'),
(7045, 4010, '2025-07-19', 'Hadir'),
(7046, 4011, '2025-07-19', 'Hadir'),
(7047, 4012, '2025-07-19', 'Hadir'),
(7048, 4013, '2025-07-19', 'Hadir'),
(7049, 4014, '2025-07-19', 'Hadir'),
(7050, 4015, '2025-07-19', 'Hadir'),
(7051, 4016, '2025-07-19', 'Hadir'),
(7052, 4017, '2025-07-19', 'Hadir'),
(7053, 4018, '2025-07-19', 'Hadir'),
(7054, 4019, '2025-07-19', 'Hadir'),
(7055, 4020, '2025-07-19', 'Hadir'),
(7056, 4021, '2025-07-19', 'Hadir'),
(7057, 4022, '2025-07-19', 'Hadir'),
(7058, 4023, '2025-07-19', 'Hadir'),
(7059, 4024, '2025-07-19', 'Hadir'),
(7060, 4025, '2025-07-19', 'Hadir'),
(7061, 4026, '2025-07-19', 'Hadir'),
(7062, 4027, '2025-07-19', 'Hadir'),
(7063, 4028, '2025-07-19', 'Hadir'),
(7064, 4029, '2025-07-19', 'Hadir'),
(7065, 4030, '2025-07-19', 'Hadir'),
(7066, 4031, '2025-07-19', 'Hadir'),
(7067, 4032, '2025-07-19', 'Hadir'),
(7068, 4033, '2025-07-19', 'Hadir'),
(7069, 4034, '2025-07-19', 'Hadir'),
(7070, 4035, '2025-07-19', 'Hadir'),
(7071, 4036, '2025-07-19', 'Hadir'),
(7072, 4037, '2025-07-19', 'Hadir'),
(7073, 4038, '2025-07-19', 'Hadir'),
(7074, 4039, '2025-07-19', 'Hadir'),
(7075, 4040, '2025-07-19', 'Hadir'),
(7076, 4041, '2025-07-19', 'Hadir'),
(7077, 4042, '2025-07-19', 'Hadir'),
(7078, 4043, '2025-07-19', 'Hadir'),
(7079, 4044, '2025-07-19', 'Hadir'),
(7080, 4045, '2025-07-19', 'Hadir'),
(7081, 4046, '2025-07-19', 'Hadir'),
(7082, 4047, '2025-07-19', 'Hadir'),
(7083, 4048, '2025-07-19', 'Hadir'),
(7084, 4049, '2025-07-19', 'Hadir'),
(7085, 4050, '2025-07-19', 'Hadir'),
(7086, 4051, '2025-07-19', 'Hadir'),
(7087, 4229, '2025-07-19', 'Hadir'),
(7088, 4052, '2025-07-19', 'Hadir'),
(7089, 4053, '2025-07-19', 'Hadir'),
(7090, 4054, '2025-07-19', 'Hadir'),
(7091, 4055, '2025-07-19', 'Hadir'),
(7092, 4056, '2025-07-19', 'Hadir'),
(7093, 4057, '2025-07-19', 'Hadir'),
(7094, 4058, '2025-07-19', 'Hadir'),
(7095, 4059, '2025-07-19', 'Hadir'),
(7096, 4060, '2025-07-19', 'Hadir'),
(7097, 4061, '2025-07-19', 'Hadir'),
(7098, 4062, '2025-07-19', 'Hadir'),
(7099, 4063, '2025-07-19', 'Hadir'),
(7100, 4064, '2025-07-19', 'Hadir'),
(7101, 4065, '2025-07-19', 'Hadir'),
(7102, 4066, '2025-07-19', 'Hadir'),
(7103, 4067, '2025-07-19', 'Hadir'),
(7104, 4068, '2025-07-19', 'Hadir'),
(7105, 4069, '2025-07-19', 'Hadir'),
(7106, 4070, '2025-07-19', 'Hadir'),
(7107, 4071, '2025-07-19', 'Hadir'),
(7108, 4072, '2025-07-19', 'Hadir'),
(7109, 4073, '2025-07-19', 'Hadir'),
(7110, 4074, '2025-07-19', 'Hadir'),
(7111, 4075, '2025-07-19', 'Hadir'),
(7112, 4076, '2025-07-19', 'Hadir'),
(7113, 4077, '2025-07-19', 'Hadir'),
(7114, 4078, '2025-07-19', 'Hadir'),
(7115, 4079, '2025-07-19', 'Hadir'),
(7116, 4080, '2025-07-19', 'Hadir'),
(7117, 4081, '2025-07-19', 'Hadir'),
(7118, 4082, '2025-07-19', 'Hadir'),
(7119, 4083, '2025-07-19', 'Hadir'),
(7120, 4084, '2025-07-19', 'Hadir'),
(7121, 4085, '2025-07-19', 'Hadir'),
(7122, 4086, '2025-07-19', 'Hadir'),
(7123, 4087, '2025-07-19', 'Hadir'),
(7124, 4088, '2025-07-19', 'Hadir'),
(7125, 4089, '2025-07-19', 'Hadir'),
(7126, 4090, '2025-07-19', 'Hadir'),
(7127, 4091, '2025-07-19', 'Hadir'),
(7128, 4092, '2025-07-19', 'Hadir'),
(7129, 4093, '2025-07-19', 'Hadir'),
(7130, 4094, '2025-07-19', 'Hadir'),
(7131, 4095, '2025-07-19', 'Hadir'),
(7132, 4096, '2025-07-19', 'Hadir'),
(7133, 4097, '2025-07-19', 'Hadir'),
(7134, 4098, '2025-07-19', 'Hadir'),
(7135, 4099, '2025-07-19', 'Hadir'),
(7136, 4100, '2025-07-19', 'Hadir'),
(7137, 4101, '2025-07-19', 'Hadir'),
(7138, 4102, '2025-07-19', 'Hadir'),
(7139, 4103, '2025-07-19', 'Hadir'),
(7140, 4104, '2025-07-19', 'Hadir'),
(7141, 4105, '2025-07-19', 'Hadir'),
(7142, 4106, '2025-07-19', 'Hadir'),
(7143, 4107, '2025-07-19', 'Hadir'),
(7144, 4108, '2025-07-19', 'Hadir'),
(7145, 4109, '2025-07-19', 'Hadir'),
(7146, 4110, '2025-07-19', 'Hadir'),
(7147, 4111, '2025-07-19', 'Hadir'),
(7148, 4112, '2025-07-19', 'Hadir'),
(7149, 4113, '2025-07-19', 'Hadir'),
(7150, 4114, '2025-07-19', 'Hadir'),
(7151, 4115, '2025-07-19', 'Hadir'),
(7152, 4116, '2025-07-19', 'Hadir'),
(7153, 4117, '2025-07-19', 'Hadir'),
(7154, 4118, '2025-07-19', 'Hadir'),
(7155, 4119, '2025-07-19', 'Hadir'),
(7156, 4120, '2025-07-19', 'Hadir'),
(7157, 4121, '2025-07-19', 'Hadir'),
(7158, 4122, '2025-07-19', 'Hadir'),
(7159, 4123, '2025-07-19', 'Hadir'),
(7160, 4124, '2025-07-19', 'Hadir'),
(7161, 4125, '2025-07-19', 'Hadir'),
(7162, 4126, '2025-07-19', 'Hadir'),
(7163, 4127, '2025-07-19', 'Hadir'),
(7164, 4128, '2025-07-19', 'Hadir'),
(7165, 4129, '2025-07-19', 'Hadir'),
(7166, 4130, '2025-07-19', 'Hadir'),
(7167, 4131, '2025-07-19', 'Hadir'),
(7168, 4132, '2025-07-19', 'Hadir'),
(7169, 4133, '2025-07-19', 'Hadir'),
(7170, 4134, '2025-07-19', 'Hadir'),
(7171, 4135, '2025-07-19', 'Hadir'),
(7172, 4136, '2025-07-19', 'Hadir'),
(7173, 4137, '2025-07-19', 'Hadir'),
(7174, 4138, '2025-07-19', 'Hadir'),
(7175, 4139, '2025-07-19', 'Hadir'),
(7176, 4140, '2025-07-19', 'Hadir'),
(7177, 4141, '2025-07-19', 'Hadir'),
(7178, 4142, '2025-07-19', 'Hadir'),
(7179, 4143, '2025-07-19', 'Hadir'),
(7180, 4144, '2025-07-19', 'Hadir'),
(7181, 4145, '2025-07-19', 'Hadir'),
(7182, 4146, '2025-07-19', 'Hadir'),
(7183, 4147, '2025-07-19', 'Hadir'),
(7184, 4148, '2025-07-19', 'Hadir'),
(7185, 4149, '2025-07-19', 'Hadir'),
(7186, 4150, '2025-07-19', 'Hadir'),
(7187, 4151, '2025-07-19', 'Hadir'),
(7188, 4152, '2025-07-19', 'Hadir'),
(7189, 4153, '2025-07-19', 'Hadir'),
(7190, 4154, '2025-07-19', 'Hadir'),
(7191, 4155, '2025-07-19', 'Hadir'),
(7192, 4156, '2025-07-19', 'Hadir'),
(7193, 4157, '2025-07-19', 'Hadir'),
(7194, 4158, '2025-07-19', 'Hadir'),
(7195, 4159, '2025-07-19', 'Hadir'),
(7196, 4160, '2025-07-19', 'Hadir'),
(7197, 4161, '2025-07-19', 'Hadir'),
(7198, 4162, '2025-07-19', 'Hadir'),
(7199, 4163, '2025-07-19', 'Hadir'),
(7200, 4164, '2025-07-19', 'Hadir'),
(7201, 4165, '2025-07-19', 'Hadir'),
(7202, 4166, '2025-07-19', 'Hadir'),
(7203, 4167, '2025-07-19', 'Hadir'),
(7204, 4168, '2025-07-19', 'Hadir'),
(7205, 4230, '2025-07-19', 'Hadir'),
(7206, 4169, '2025-07-19', 'Hadir'),
(7207, 4170, '2025-07-19', 'Hadir'),
(7208, 4171, '2025-07-19', 'Hadir'),
(7209, 4172, '2025-07-19', 'Hadir'),
(7210, 4173, '2025-07-19', 'Hadir'),
(7211, 4174, '2025-07-19', 'Hadir'),
(7212, 4175, '2025-07-19', 'Hadir'),
(7213, 4176, '2025-07-19', 'Hadir'),
(7214, 4177, '2025-07-19', 'Hadir'),
(7215, 4178, '2025-07-19', 'Hadir'),
(7216, 4179, '2025-07-19', 'Hadir'),
(7217, 4180, '2025-07-19', 'Hadir'),
(7218, 4181, '2025-07-19', 'Hadir'),
(7219, 4182, '2025-07-19', 'Hadir'),
(7220, 4183, '2025-07-19', 'Hadir'),
(7221, 4184, '2025-07-19', 'Hadir'),
(7222, 4185, '2025-07-19', 'Hadir'),
(7223, 4186, '2025-07-19', 'Hadir'),
(7224, 4187, '2025-07-19', 'Hadir'),
(7225, 4188, '2025-07-19', 'Hadir'),
(7226, 4189, '2025-07-19', 'Hadir'),
(7227, 4190, '2025-07-19', 'Hadir'),
(7228, 4191, '2025-07-19', 'Hadir'),
(7229, 4192, '2025-07-19', 'Hadir'),
(7230, 4193, '2025-07-19', 'Hadir'),
(7231, 4194, '2025-07-19', 'Hadir'),
(7232, 4195, '2025-07-19', 'Hadir'),
(7233, 4196, '2025-07-19', 'Hadir'),
(7234, 4197, '2025-07-19', 'Hadir'),
(7235, 4198, '2025-07-19', 'Hadir'),
(7236, 4199, '2025-07-19', 'Hadir'),
(7237, 4200, '2025-07-19', 'Hadir'),
(7238, 4201, '2025-07-19', 'Hadir'),
(7239, 4202, '2025-07-19', 'Hadir'),
(7240, 4203, '2025-07-19', 'Hadir'),
(7241, 4204, '2025-07-19', 'Hadir'),
(7242, 4205, '2025-07-19', 'Hadir'),
(7243, 4206, '2025-07-19', 'Hadir'),
(7244, 4207, '2025-07-19', 'Hadir'),
(7245, 4208, '2025-07-19', 'Hadir'),
(7246, 4209, '2025-07-19', 'Hadir'),
(7247, 4210, '2025-07-19', 'Hadir'),
(7248, 4211, '2025-07-19', 'Hadir'),
(7249, 4212, '2025-07-19', 'Hadir'),
(7250, 4213, '2025-07-19', 'Hadir'),
(7251, 4214, '2025-07-19', 'Hadir'),
(7252, 4215, '2025-07-19', 'Hadir'),
(7253, 4216, '2025-07-19', 'Hadir'),
(7254, 4217, '2025-07-19', 'Hadir'),
(7255, 4218, '2025-07-19', 'Hadir'),
(7256, 4219, '2025-07-19', 'Hadir'),
(7257, 4220, '2025-07-19', 'Hadir'),
(7258, 4221, '2025-07-19', 'Hadir'),
(7259, 4222, '2025-07-19', 'Hadir'),
(7260, 4223, '2025-07-19', 'Hadir'),
(7261, 4224, '2025-07-19', 'Hadir'),
(7262, 4225, '2025-07-19', 'Hadir'),
(7263, 4226, '2025-07-19', 'Hadir'),
(7264, 4227, '2025-07-19', 'Hadir'),
(7265, 4228, '2025-07-19', 'Hadir'),
(7266, 4231, '2025-07-19', 'Hadir'),
(7267, 4232, '2025-07-19', 'Hadir'),
(7268, 4233, '2025-07-19', 'Hadir'),
(7269, 4234, '2025-07-19', 'Hadir'),
(7270, 4235, '2025-07-19', 'Hadir'),
(7271, 4236, '2025-07-19', 'Hadir'),
(7272, 4237, '2025-07-19', 'Hadir'),
(7273, 4238, '2025-07-19', 'Hadir'),
(7274, 4239, '2025-07-19', 'Hadir'),
(7275, 4240, '2025-07-19', 'Hadir'),
(7276, 4241, '2025-07-19', 'Hadir'),
(7277, 4242, '2025-07-19', 'Hadir'),
(7278, 4243, '2025-07-19', 'Hadir'),
(7279, 4244, '2025-07-19', 'Hadir'),
(7280, 4245, '2025-07-19', 'Hadir'),
(7281, 4246, '2025-07-19', 'Hadir'),
(7282, 4247, '2025-07-19', 'Hadir'),
(7283, 4248, '2025-07-19', 'Hadir'),
(7284, 4249, '2025-07-19', 'Hadir'),
(7285, 4250, '2025-07-19', 'Hadir'),
(7286, 4251, '2025-07-19', 'Hadir'),
(7287, 4252, '2025-07-19', 'Hadir'),
(7288, 4253, '2025-07-19', 'Hadir'),
(7289, 4254, '2025-07-19', 'Hadir'),
(7290, 4255, '2025-07-19', 'Hadir'),
(7291, 4256, '2025-07-19', 'Hadir'),
(7292, 4257, '2025-07-19', 'Hadir'),
(7293, 4258, '2025-07-19', 'Hadir'),
(7294, 4259, '2025-07-19', 'Hadir'),
(7295, 4260, '2025-07-19', 'Hadir'),
(7296, 4261, '2025-07-19', 'Hadir'),
(7297, 4262, '2025-07-19', 'Hadir'),
(7298, 4263, '2025-07-19', 'Hadir'),
(7299, 4264, '2025-07-19', 'Hadir'),
(7300, 4265, '2025-07-19', 'Hadir'),
(7301, 4266, '2025-07-19', 'Hadir'),
(7302, 4267, '2025-07-19', 'Hadir'),
(7303, 4268, '2025-07-19', 'Hadir'),
(7304, 4269, '2025-07-19', 'Hadir'),
(7305, 4270, '2025-07-19', 'Hadir'),
(7306, 4271, '2025-07-19', 'Hadir'),
(7307, 4272, '2025-07-19', 'Hadir'),
(7308, 4273, '2025-07-19', 'Hadir'),
(7309, 4274, '2025-07-19', 'Hadir'),
(7310, 4275, '2025-07-19', 'Hadir'),
(7311, 4276, '2025-07-19', 'Hadir'),
(7312, 4277, '2025-07-19', 'Hadir'),
(7313, 4278, '2025-07-19', 'Hadir'),
(7314, 4279, '2025-07-19', 'Hadir'),
(7315, 4280, '2025-07-19', 'Hadir'),
(7316, 4281, '2025-07-19', 'Hadir'),
(7317, 4282, '2025-07-19', 'Hadir'),
(7318, 4283, '2025-07-19', 'Hadir'),
(7319, 4284, '2025-07-19', 'Hadir'),
(7320, 4285, '2025-07-19', 'Hadir'),
(7321, 4286, '2025-07-19', 'Hadir'),
(7322, 4287, '2025-07-19', 'Hadir'),
(7323, 4288, '2025-07-19', 'Hadir'),
(7324, 4289, '2025-07-19', 'Hadir'),
(7325, 4290, '2025-07-19', 'Hadir'),
(7326, 4291, '2025-07-19', 'Hadir'),
(7327, 4292, '2025-07-19', 'Hadir'),
(7328, 4293, '2025-07-19', 'Hadir'),
(7329, 4294, '2025-07-19', 'Hadir'),
(7330, 4295, '2025-07-19', 'Hadir'),
(7331, 4296, '2025-07-19', 'Hadir'),
(7332, 4297, '2025-07-19', 'Hadir'),
(7333, 4298, '2025-07-19', 'Hadir'),
(7334, 4299, '2025-07-19', 'Hadir'),
(7335, 4300, '2025-07-19', 'Hadir'),
(7336, 4301, '2025-07-19', 'Hadir'),
(7337, 4302, '2025-07-19', 'Hadir'),
(7338, 4303, '2025-07-19', 'Hadir'),
(7339, 4304, '2025-07-19', 'Hadir'),
(7340, 4305, '2025-07-19', 'Hadir'),
(7341, 4306, '2025-07-19', 'Hadir'),
(7342, 4307, '2025-07-19', 'Hadir'),
(7343, 4308, '2025-07-19', 'Hadir'),
(7344, 4309, '2025-07-19', 'Hadir'),
(7345, 4310, '2025-07-19', 'Hadir'),
(7346, 4311, '2025-07-19', 'Hadir'),
(7347, 4312, '2025-07-19', 'Hadir'),
(7348, 4313, '2025-07-19', 'Hadir'),
(7349, 4314, '2025-07-19', 'Hadir'),
(7350, 4315, '2025-07-19', 'Hadir'),
(7351, 4316, '2025-07-19', 'Hadir'),
(7352, 4318, '2025-07-19', 'Hadir'),
(7353, 4319, '2025-07-19', 'Hadir'),
(7354, 4320, '2025-07-19', 'Hadir'),
(7355, 4321, '2025-07-19', 'Hadir'),
(7356, 4317, '2025-07-19', 'Hadir'),
(7357, 4322, '2025-07-19', 'Hadir'),
(7358, 4323, '2025-07-19', 'Hadir'),
(7359, 4324, '2025-07-19', 'Hadir'),
(7360, 4325, '2025-07-19', 'Hadir'),
(7361, 4326, '2025-07-19', 'Hadir'),
(7362, 4327, '2025-07-19', 'Hadir'),
(7363, 4328, '2025-07-19', 'Hadir'),
(7364, 4329, '2025-07-19', 'Hadir'),
(7365, 4330, '2025-07-19', 'Hadir'),
(7366, 4331, '2025-07-19', 'Hadir'),
(7367, 4332, '2025-07-19', 'Hadir'),
(7368, 4333, '2025-07-19', 'Hadir'),
(7369, 4335, '2025-07-19', 'Hadir'),
(7370, 3189, '2025-07-19', 'Hadir'),
(7371, 3190, '2025-07-19', 'Hadir'),
(7372, 3191, '2025-07-19', 'Hadir'),
(7373, 3192, '2025-07-19', 'Hadir'),
(7374, 3193, '2025-07-19', 'Hadir'),
(7375, 3194, '2025-07-19', 'Hadir'),
(7376, 3195, '2025-07-19', 'Hadir'),
(7377, 3196, '2025-07-19', 'Hadir'),
(7378, 3197, '2025-07-19', 'Hadir'),
(7379, 3198, '2025-07-19', 'Hadir'),
(7380, 3199, '2025-07-19', 'Hadir'),
(7381, 3200, '2025-07-19', 'Hadir'),
(7382, 3201, '2025-07-19', 'Hadir'),
(7383, 3202, '2025-07-19', 'Hadir'),
(7384, 3203, '2025-07-19', 'Hadir'),
(7385, 3204, '2025-07-19', 'Hadir'),
(7386, 3205, '2025-07-19', 'Hadir'),
(7387, 3206, '2025-07-19', 'Hadir'),
(7388, 3207, '2025-07-19', 'Hadir'),
(7389, 3208, '2025-07-19', 'Hadir'),
(7390, 3209, '2025-07-19', 'Hadir'),
(7391, 3210, '2025-07-19', 'Hadir'),
(7392, 3211, '2025-07-19', 'Hadir'),
(7393, 3212, '2025-07-19', 'Hadir'),
(7394, 3213, '2025-07-19', 'Hadir'),
(7395, 3214, '2025-07-19', 'Hadir'),
(7396, 3215, '2025-07-19', 'Hadir'),
(7397, 3216, '2025-07-19', 'Hadir'),
(7398, 3217, '2025-07-19', 'Hadir'),
(7399, 3218, '2025-07-19', 'Hadir'),
(7400, 3219, '2025-07-19', 'Hadir'),
(7401, 3220, '2025-07-19', 'Hadir'),
(7402, 3221, '2025-07-19', 'Hadir'),
(7403, 3222, '2025-07-19', 'Hadir'),
(7404, 3223, '2025-07-19', 'Hadir'),
(7405, 3224, '2025-07-19', 'Hadir'),
(7406, 3225, '2025-07-19', 'Hadir'),
(7407, 3226, '2025-07-19', 'Hadir'),
(7408, 3227, '2025-07-19', 'Hadir'),
(7409, 3228, '2025-07-19', 'Hadir'),
(7410, 3229, '2025-07-19', 'Hadir'),
(7411, 3230, '2025-07-19', 'Hadir'),
(7412, 3231, '2025-07-19', 'Hadir'),
(7413, 3232, '2025-07-19', 'Hadir'),
(7414, 3233, '2025-07-19', 'Hadir'),
(7415, 3234, '2025-07-19', 'Hadir'),
(7416, 3235, '2025-07-19', 'Hadir'),
(7417, 3236, '2025-07-19', 'Hadir'),
(7418, 3237, '2025-07-19', 'Hadir'),
(7419, 3238, '2025-07-19', 'Hadir'),
(7420, 3239, '2025-07-19', 'Hadir'),
(7421, 3240, '2025-07-19', 'Hadir'),
(7422, 3241, '2025-07-19', 'Hadir'),
(7423, 3243, '2025-07-19', 'Hadir'),
(7424, 3242, '2025-07-19', 'Hadir'),
(7425, 3244, '2025-07-19', 'Hadir'),
(7426, 3245, '2025-07-19', 'Hadir'),
(7427, 3246, '2025-07-19', 'Hadir'),
(7428, 3247, '2025-07-19', 'Hadir'),
(7429, 3248, '2025-07-19', 'Hadir'),
(7430, 3249, '2025-07-19', 'Hadir'),
(7431, 3250, '2025-07-19', 'Hadir'),
(7432, 3251, '2025-07-19', 'Hadir'),
(7433, 3252, '2025-07-19', 'Hadir'),
(7434, 3253, '2025-07-19', 'Hadir'),
(7435, 3254, '2025-07-19', 'Hadir'),
(7436, 3255, '2025-07-19', 'Hadir'),
(7437, 3256, '2025-07-19', 'Hadir'),
(7438, 3257, '2025-07-19', 'Hadir'),
(7439, 3258, '2025-07-19', 'Hadir'),
(7440, 3259, '2025-07-19', 'Hadir'),
(7441, 3260, '2025-07-19', 'Hadir'),
(7442, 3553, '2025-07-19', 'Hadir'),
(7443, 3261, '2025-07-21', 'Hadir'),
(7444, 3262, '2025-07-21', 'Hadir'),
(7445, 3263, '2025-07-21', 'Hadir'),
(7446, 3264, '2025-07-21', 'Hadir'),
(7447, 3265, '2025-07-21', 'Hadir'),
(7448, 3266, '2025-07-21', 'Hadir'),
(7449, 3267, '2025-07-21', 'Hadir'),
(7450, 3268, '2025-07-21', 'Hadir'),
(7451, 3269, '2025-07-21', 'Hadir'),
(7452, 3270, '2025-07-21', 'Hadir'),
(7453, 3271, '2025-07-21', 'Hadir'),
(7454, 3272, '2025-07-21', 'Hadir'),
(7455, 3273, '2025-07-21', 'Hadir'),
(7456, 3274, '2025-07-21', 'Hadir'),
(7457, 3275, '2025-07-21', 'Hadir'),
(7458, 3276, '2025-07-21', 'Hadir'),
(7459, 3277, '2025-07-21', 'Hadir'),
(7460, 3278, '2025-07-21', 'Hadir'),
(7461, 3279, '2025-07-21', 'Hadir'),
(7462, 3280, '2025-07-21', 'Hadir'),
(7463, 3281, '2025-07-21', 'Hadir'),
(7464, 3282, '2025-07-21', 'Hadir'),
(7465, 3283, '2025-07-21', 'Hadir'),
(7466, 3284, '2025-07-21', 'Hadir'),
(7467, 3285, '2025-07-21', 'Hadir'),
(7468, 3286, '2025-07-21', 'Hadir'),
(7469, 3287, '2025-07-21', 'Hadir'),
(7470, 3288, '2025-07-21', 'Hadir'),
(7471, 3289, '2025-07-21', 'Hadir'),
(7472, 3290, '2025-07-21', 'Hadir'),
(7473, 3291, '2025-07-21', 'Hadir'),
(7474, 3292, '2025-07-21', 'Hadir'),
(7475, 3293, '2025-07-21', 'Hadir'),
(7476, 3294, '2025-07-21', 'Hadir'),
(7477, 3295, '2025-07-21', 'Hadir'),
(7478, 3296, '2025-07-21', 'Hadir'),
(7479, 3297, '2025-07-22', 'Hadir'),
(7480, 3298, '2025-07-22', 'Hadir'),
(7481, 3299, '2025-07-22', 'Hadir'),
(7482, 3300, '2025-07-22', 'Hadir'),
(7483, 3301, '2025-07-22', 'Hadir'),
(7484, 3302, '2025-07-22', 'Hadir'),
(7485, 3303, '2025-07-22', 'Hadir'),
(7486, 3304, '2025-07-22', 'Hadir'),
(7487, 3305, '2025-07-22', 'Hadir'),
(7488, 3306, '2025-07-22', 'Hadir'),
(7489, 3307, '2025-07-22', 'Hadir'),
(7490, 3308, '2025-07-22', 'Hadir'),
(7491, 3309, '2025-07-22', 'Hadir'),
(7492, 3310, '2025-07-22', 'Hadir'),
(7493, 3311, '2025-07-22', 'Hadir'),
(7494, 3312, '2025-07-22', 'Hadir'),
(7495, 3313, '2025-07-22', 'Hadir'),
(7496, 3314, '2025-07-22', 'Hadir'),
(7497, 3315, '2025-07-22', 'Hadir'),
(7498, 3316, '2025-07-22', 'Hadir'),
(7499, 3317, '2025-07-22', 'Hadir'),
(7500, 3318, '2025-07-22', 'Hadir'),
(7501, 3319, '2025-07-22', 'Hadir'),
(7502, 3320, '2025-07-22', 'Hadir'),
(7503, 3321, '2025-07-22', 'Hadir'),
(7504, 3322, '2025-07-22', 'Hadir'),
(7505, 3324, '2025-07-22', 'Hadir'),
(7506, 3325, '2025-07-22', 'Hadir'),
(7507, 3326, '2025-07-22', 'Hadir'),
(7508, 3327, '2025-07-22', 'Hadir'),
(7509, 3328, '2025-07-22', 'Sakit'),
(7510, 3329, '2025-07-22', 'Hadir'),
(7511, 3330, '2025-07-22', 'Hadir'),
(7512, 3331, '2025-07-22', 'Hadir'),
(7513, 3332, '2025-07-22', 'Hadir'),
(7514, 3333, '2025-07-22', 'Hadir'),
(7515, 3334, '2025-07-22', 'Hadir'),
(7516, 3335, '2025-07-22', 'Hadir'),
(7517, 3323, '2025-07-22', 'Hadir'),
(7518, 4039, '2025-07-25', 'Hadir'),
(7519, 4040, '2025-07-25', 'Hadir'),
(7520, 4041, '2025-07-25', 'Hadir'),
(7521, 4042, '2025-07-25', 'Hadir'),
(7522, 4043, '2025-07-25', 'Hadir'),
(7523, 4044, '2025-07-25', 'Hadir'),
(7524, 4045, '2025-07-25', 'Hadir'),
(7525, 4046, '2025-07-25', 'Hadir'),
(7526, 4047, '2025-07-25', 'Hadir'),
(7527, 4048, '2025-07-25', 'Hadir'),
(7528, 4049, '2025-07-25', 'Hadir'),
(7529, 4050, '2025-07-25', 'Hadir'),
(7530, 4051, '2025-07-25', 'Hadir'),
(7531, 4229, '2025-07-25', 'Hadir'),
(7532, 4052, '2025-07-25', 'Hadir'),
(7533, 4053, '2025-07-25', 'Hadir'),
(7534, 4054, '2025-07-25', 'Hadir'),
(7535, 4055, '2025-07-25', 'Hadir'),
(7536, 4056, '2025-07-25', 'Hadir'),
(7537, 4057, '2025-07-25', 'Hadir'),
(7538, 4058, '2025-07-25', 'Hadir'),
(7539, 4059, '2025-07-25', 'Hadir'),
(7540, 4060, '2025-07-25', 'Hadir'),
(7541, 4061, '2025-07-25', 'Hadir'),
(7542, 4062, '2025-07-25', 'Hadir'),
(7543, 4063, '2025-07-25', 'Hadir'),
(7544, 4064, '2025-07-25', 'Hadir'),
(7545, 4065, '2025-07-25', 'Hadir'),
(7546, 4066, '2025-07-25', 'Hadir'),
(7547, 4067, '2025-07-25', 'Hadir'),
(7548, 4068, '2025-07-25', 'Hadir'),
(7549, 4069, '2025-07-25', 'Sakit'),
(7550, 4070, '2025-07-25', 'Hadir'),
(7551, 4071, '2025-07-25', 'Sakit'),
(7552, 4072, '2025-07-25', 'Hadir'),
(7553, 4073, '2025-07-25', 'Hadir'),
(7554, 4074, '2025-07-25', 'Hadir'),
(7555, 4075, '2025-07-25', 'Hadir'),
(7556, 4076, '2025-07-25', 'Hadir'),
(7557, 4077, '2025-07-25', 'Hadir'),
(7558, 4078, '2025-07-25', 'Hadir'),
(7559, 4079, '2025-07-25', 'Hadir'),
(7560, 4080, '2025-07-25', 'Hadir'),
(7561, 4081, '2025-07-25', 'Hadir'),
(7562, 4082, '2025-07-25', 'Hadir'),
(7563, 4083, '2025-07-25', 'Hadir'),
(7564, 4084, '2025-07-25', 'Hadir'),
(7565, 4085, '2025-07-25', 'Hadir'),
(7566, 3261, '2025-07-28', 'Hadir'),
(7567, 3262, '2025-07-28', 'Hadir'),
(7568, 3263, '2025-07-28', 'Hadir'),
(7569, 3264, '2025-07-28', 'Hadir'),
(7570, 3265, '2025-07-28', 'Hadir'),
(7571, 3266, '2025-07-28', 'Hadir'),
(7572, 3267, '2025-07-28', 'Hadir'),
(7573, 3268, '2025-07-28', 'Hadir'),
(7574, 3269, '2025-07-28', 'Hadir'),
(7575, 3270, '2025-07-28', 'Hadir'),
(7576, 3271, '2025-07-28', 'Hadir'),
(7577, 3272, '2025-07-28', 'Hadir'),
(7578, 3273, '2025-07-28', 'Hadir'),
(7579, 3274, '2025-07-28', 'Hadir'),
(7580, 3275, '2025-07-28', 'Hadir'),
(7581, 3276, '2025-07-28', 'Hadir'),
(7582, 3277, '2025-07-28', 'Hadir'),
(7583, 3278, '2025-07-28', 'Hadir'),
(7584, 3279, '2025-07-28', 'Hadir'),
(7585, 3280, '2025-07-28', 'Hadir'),
(7586, 3281, '2025-07-28', 'Hadir'),
(7587, 3282, '2025-07-28', 'Hadir'),
(7588, 3283, '2025-07-28', 'Hadir'),
(7589, 3284, '2025-07-28', 'Hadir'),
(7590, 3285, '2025-07-28', 'Hadir'),
(7591, 3286, '2025-07-28', 'Hadir'),
(7592, 3287, '2025-07-28', 'Hadir'),
(7593, 3288, '2025-07-28', 'Hadir'),
(7594, 3289, '2025-07-28', 'Hadir'),
(7595, 3290, '2025-07-28', 'Hadir'),
(7596, 3291, '2025-07-28', 'Hadir'),
(7597, 3292, '2025-07-28', 'Hadir'),
(7598, 3293, '2025-07-28', 'Hadir'),
(7599, 3294, '2025-07-28', 'Hadir'),
(7600, 3295, '2025-07-28', 'Hadir'),
(7601, 3296, '2025-07-28', 'Hadir');

-- --------------------------------------------------------

--
-- Struktur dari tabel `kelas`
--

CREATE TABLE `kelas` (
  `id` int(11) NOT NULL,
  `nama_kelas` varchar(10) NOT NULL,
  `wali_kelas` varchar(100) NOT NULL
) ENGINE=InnoDB DEFAULT CHARSET=utf8mb4 COLLATE=utf8mb4_unicode_ci;

--
-- Dumping data untuk tabel `kelas`
--

INSERT INTO `kelas` (`id`, `nama_kelas`, `wali_kelas`) VALUES
(21, 'XI-1', 'Nama Walas XI-1'),
(22, 'XI-2', 'Nama Walas XI-2'),
(23, 'XI-3', 'Nama Walas XI-3'),
(24, 'XI-4', 'Nama Walas XI-4'),
(25, 'XI-5', 'Nama Walas XI-5'),
(26, 'XI-6', 'Nama Walas XI-6'),
(27, 'XI-7', 'Nama Walas XI-7'),
(28, 'XI-8', 'Nama Walas XI-8'),
(29, 'XI-9', 'Nama Walas XI-9'),
(30, 'XI-10', 'Nama Walas XI-10'),
(31, 'XI-11', 'Nama Walas XI-11'),
(32, 'XI-12', 'Nama Walas XI-12'),
(464, 'XII-1', 'Nama Walas XII-1'),
(465, 'XII-2', 'Nama Walas XII-2'),
(466, 'XII-3', 'Nama Walas XII-3'),
(467, 'XII-4', 'Nama Walas XII-4'),
(468, 'XII-5', 'Nama Walas XII-5'),
(469, 'XII-6', 'Nama Walas XII-6'),
(470, 'XII-7', 'Nama Walas XII-7'),
(471, 'XII-8', 'Nama Walas XII-8'),
(472, 'XII-9', 'Nama Walas XII-9'),
(473, 'XII-10', 'Nama Walas XII-10'),
(476, 'X-1', 'Dadang Rustandi, S.Pd.'),
(477, 'X-2', 'Rizki Yulia Rahayu, S.Pd.'),
(478, 'X-3', 'Sari Sartika, S.Pd.'),
(479, 'X-4', 'Hasna Atiah, S.Pd.'),
(480, 'X-5', 'Muhammad Rizky Nur Dhani, S.Pd.'),
(481, 'X-6', 'Yonadisa Velariana, S.Pd.'),
(482, 'X-7', 'Siti Rahmah Diyanti, S.Pd.'),
(483, 'X-8', 'Abdul Matien Lutfi Alfhatani, S.Pd.'),
(484, 'X-9', 'Muhammad Octavega, S.Pd.'),
(485, 'X-10', 'Muharima Rasyid Noor, S.ST.'),
(486, 'X-11', 'Kusmaya Dewi, S.Pd.'),
(487, 'X-12', 'Ririn Wahyu Setyawati, M.Pd.');

-- --------------------------------------------------------

--
-- Struktur dari tabel `siswa`
--

CREATE TABLE `siswa` (
  `id` int(11) NOT NULL,
  `nis` varchar(20) NOT NULL,
  `nisn` varchar(20) NOT NULL,
  `nama` varchar(100) NOT NULL,
  `kelas_id` int(11) NOT NULL,
  `jenis_kelamin` enum('Laki-laki','Perempuan') DEFAULT NULL
) ENGINE=InnoDB DEFAULT CHARSET=utf8mb4 COLLATE=utf8mb4_unicode_ci;

--
-- Dumping data untuk tabel `siswa`
--

INSERT INTO `siswa` (`id`, `nis`, `nisn`, `nama`, `kelas_id`, `jenis_kelamin`) VALUES
(3155, '242510162', '99334640', 'ALEA NUR BINTANG ANZARI', 21, 'Perempuan'),
(3156, '242510355', '95292831', 'ALODIA FIDELA ATMAJAYA HARMONO', 21, 'Perempuan'),
(3157, '242510246', '98240225', 'ANDRE', 21, 'Laki-laki'),
(3158, '242510281', '97255360', 'ANNISA ILMAN HANIFA', 21, 'Perempuan'),
(3159, '242510393', '83742368', 'BOBBY ADONOVAN', 21, 'Laki-laki'),
(3160, '242510087', '99534089', 'CALLISTA AURYN ANNAURA', 21, 'Perempuan'),
(3161, '242510088', '94429770', 'CHESTA MAHARDIKA', 21, 'Laki-laki'),
(3162, '242510168', '85044133', 'DANIAL MOCH MISBAH', 21, 'Laki-laki'),
(3163, '242510169', '91904278', 'DAVID ADITAMA BACHRUN', 21, 'Laki-laki'),
(3164, '242510009', '98286456', 'DEWI ANGGRAENI SINAGA', 21, 'Perempuan'),
(3165, '242510211', '94624518', 'DWI AL FITRIYANI PUTRI KUSNADI', 21, 'Perempuan'),
(3166, '242510398', '97184233', 'FADHYL RIZQY PRATAMA', 21, 'Laki-laki'),
(3167, '242510212', '92015852', 'FAJRI HADIYAN ANGGARA', 21, 'Laki-laki'),
(3168, '242510291', '98153655', 'FERNANDY ARDIANA SYAHRAYAN', 21, 'Laki-laki'),
(3169, '242510216', '92374420', 'GHAITSA NAJWA KAMILA', 21, 'Perempuan'),
(3170, '242510050', '93070911', 'GELLARDY RAVA GUSMINAR', 21, 'Laki-laki'),
(3171, '242510175', '87870138', 'INDRI GUSMIANA', 21, 'Perempuan'),
(3172, '242510219', '81228149', 'KAISYA RAHMAH ANGGUN PRIBADI', 21, 'Perempuan'),
(3173, '242510022', '95598217', 'KIRANA PUSPITA MAHARANI', 21, 'Perempuan'),
(3174, '242510055', '96129871', 'LAKEISHA AZIZAH', 21, 'Perempuan'),
(3175, '242510023', '82810569', 'MAESYA SABANI', 21, 'Perempuan'),
(3176, '242510409', '81144388', 'NADHIIFAH KIRANA SUMANTRI', 21, 'Perempuan'),
(3177, '242510411', '88497035', 'NAURA SHAIRA OKTAVIANTI PRATAMI', 21, 'Perempuan'),
(3178, '242510061', '82717931', 'NAZMA RAISHA PUTRI', 21, 'Perempuan'),
(3179, '242510062', '88525509', 'NAZWA DWI ANGGRAENI', 21, 'Perempuan'),
(3180, '242510378', '95731844', 'NESYA HAURA TASMIRA', 21, 'Perempuan'),
(3181, '242510230', '93497754', 'PUTRI KIRANI SALWIYAH KHALID', 21, 'Perempuan'),
(3182, '242510110', '86545584', 'RAISSA NAZDAH ABDIYANI', 21, 'Perempuan'),
(3183, '242510232', '87399214', 'RAISYA AMALIA', 21, 'Perempuan'),
(3184, '242510070', '92841307', 'REHAN HUSNI SALIM', 21, 'Laki-laki'),
(3185, '242510191', '85821008', 'RENANDO BRAVOCIANO', 21, 'Laki-laki'),
(3186, '242510273', '3080779226', 'SIFA ANGGRAENI', 21, 'Perempuan'),
(3187, '242510424', '95289888', 'WINDY ALYA MUTIARA RAHMAH', 21, 'Perempuan'),
(3188, '242510238', '97220505', 'ZAHRA AULIA KIRANIA', 21, 'Perempuan'),
(3189, '242510202', '96881524', 'AFGAN MUHAMAD ILMAN', 30, 'Laki-laki'),
(3190, '252611432', '97327470', 'ARGHI KEZHA PUTRA', 30, 'Laki-laki'),
(3191, '242510391', '85418955', 'ARIO HIDAYAT', 30, 'Laki-laki'),
(3192, '242510318', '89423403', 'ARUMMI LAMHA RAMADANIA', 30, 'Perempuan'),
(3193, '242510358', '84116200', 'BINTANG MUHAMAD AR RAVI', 30, 'Laki-laki'),
(3194, '242510045', '91855245', 'CANDRA MAHARDHIKA SANTOSO', 30, 'Laki-laki'),
(3195, '242510249', '84143336', 'DIANA ANGRAENI', 30, 'Perempuan'),
(3196, '252611433', '85865094', 'DIMAS PUTRA ANDRIAWAN', 30, 'Laki-laki'),
(3197, '242510171', '87871265', 'FABIAN MUHAMAD RAMDAN', 30, 'Laki-laki'),
(3198, '242510129', '82201962', 'FAHRI PEBRIANSYAH', 30, 'Laki-laki'),
(3199, '242510094', '89289628', 'FAYRA ASSYIFA ANINDYA', 30, 'Perempuan'),
(3200, '242510251', '92290108', 'FEBY THERESIA DWIYANTI', 30, 'Perempuan'),
(3201, '242510173', '3086890802', 'GALIH MAULANA YUSUF', 30, 'Laki-laki'),
(3202, '242510019', '84686557', 'HAMDAN AHMAD BUDIMAN', 30, 'Laki-laki'),
(3203, '242510366', '87361980', 'IVAN ATHALLAH MUSYAFFA NURDIN', 30, 'Laki-laki'),
(3204, '242510100', '91601367', 'JESSY SIMBOLON', 30, 'Perempuan'),
(3205, '242510368', '0083729033\'', 'KAYLA ROSYAITA IMANSYAH', 30, 'Perempuan'),
(3206, '242510054', '92896821', 'KEANU REYHAN FARID AKBAR', 30, 'Laki-laki'),
(3207, '242510296', '98702684', 'KEISHA YUNA ARIESTA', 30, 'Perempuan'),
(3208, '242510021', '93075741', 'KEYZZA AMEERA SUKENDAR', 30, 'Perempuan'),
(3209, '242510335', '89906865', 'LAILA RINJANI', 30, 'Perempuan'),
(3210, '242510180', '97351657', 'LISNA MAULIDA NURUL FATIMAH', 30, 'Perempuan'),
(3211, '242510299', '92189215', 'MEILANDRIE ARTIKA SUWANDY', 30, 'Perempuan'),
(3212, '242510025', '72773228', 'MILA ANGGRAENI', 30, 'Perempuan'),
(3213, '242510223', '99950673', 'MUHAMAD FAJRI', 30, 'Laki-laki'),
(3214, '242510144', '84082655', 'NENG MEGA SILFIA', 30, 'Perempuan'),
(3215, '242510412', '88742247', 'PUTRI AYU', 30, 'Perempuan'),
(3216, '242510068', '84194109', 'RAINA MEDINA KHADIJAH', 30, 'Perempuan'),
(3217, '242510111', '3090805710', 'RANTY PUTRI MAHARANI', 30, 'Perempuan'),
(3218, '242510149', '89917763', 'RAYANA AMAURI PAWANA', 30, 'Laki-laki'),
(3219, '242510309', '86406336', 'RIZKY RAMADHANI', 30, 'Laki-laki'),
(3220, '242510417', '99388247', 'SABILA TRI CAHYANI', 30, 'Perempuan'),
(3221, '242510418', '97691337', 'SARO GANDA TUA MARPAUNG', 30, 'Laki-laki'),
(3222, '242510115', '3073462699', 'SETIAJI SIDIK PRANAMA', 30, 'Laki-laki'),
(3223, '242510193', '88758428', 'SILVI RAHMADANI', 30, 'Perempuan'),
(3224, '242510348', '99738884', 'SITI ANISA SAHADAH', 30, 'Perempuan'),
(3225, '242510163', '88678162', 'ALFACHRY DAVI RADITYA', 31, 'Laki-laki'),
(3226, '242510280', '83734575', 'ANITA HERLIANA', 31, 'Perempuan'),
(3227, '242510287', '83717630', 'DAFFA HAFIZ FIRDAUS', 31, 'Laki-laki'),
(3228, '242510323', '81230700', 'DENI CANDRA SATRIYA', 31, 'Laki-laki'),
(3229, '242510090', '84566612', 'DEVA CERINA', 31, 'Perempuan'),
(3230, '242510091', '98293588', 'DIA SASTIGAMASAE', 31, 'Perempuan'),
(3231, '242510325', '85511552', 'DIANA SRI WAHYUNI', 31, 'Perempuan'),
(3232, '242510092', '82027485', 'DIMAS SEPTIADI', 31, 'Laki-laki'),
(3233, '252611434', '88131781', 'DIVA KAYLACAHYA ANTASARIADI', 31, 'Perempuan'),
(3234, '242510362', '84387218', 'DIZA AUFAA SOFYAN', 31, 'Perempuan'),
(3235, '242510128', '91687583', 'FACHRI ZANWAR NUROCHIM', 31, 'Laki-laki'),
(3236, '242510014', '89408607', 'FAHRI ALFIAN', 31, 'Laki-laki'),
(3237, '252611435', '85731558', 'GHEYSAR GHALY ZHAFRAN GARMANNA', 31, 'Laki-laki'),
(3238, '242510253', '91630849', 'HAFIZD IKHWANUL KAMIL', 31, 'Laki-laki'),
(3239, '242510365', '95333459', 'ISMA RAHMAWATI KUSUMAH', 31, 'Perempuan'),
(3240, '242510099', '89026868', 'JACKY PATIH ZULFAHERA', 31, 'Laki-laki'),
(3241, '242510181', '87163144', 'MAYLA CAHYA AFILIAN PRATIWI', 31, 'Perempuan'),
(3242, '242510224', '97982278', 'MUHAMAD REGAN FAUZAN', 31, 'Laki-laki'),
(3243, '242510372', '67879854', 'MUHAMAD AL FAUZIAN', 31, 'Laki-laki'),
(3244, '242510336', '89989784', 'MUHAMMAD FAHRI ZARNAUZI', 31, 'Laki-laki'),
(3245, '242510337', '87281010', 'MUHAMMAD FAIRUZ KUSMAYADI', 31, 'Laki-laki'),
(3246, '242510143', '83867674', 'MUHAMMAD FARDHAN RADITIA PELITA', 31, 'Laki-laki'),
(3247, '242510030', '82331075', 'MUHAMMAD RIZKI', 31, 'Laki-laki'),
(3248, '242510408', '89945510', 'MUHAMMAD SYAUQI ABDUL A\'LA', 31, 'Laki-laki'),
(3249, '242510189', '86287398', 'NURUL AYUSTIN KHOLIDAH', 31, 'Perempuan'),
(3250, '242510231', '78242445', 'RAFI RESTIAN', 31, 'Laki-laki'),
(3251, '242510384', '87321827', 'RIDZKY FAUZANZY', 31, 'Laki-laki'),
(3252, '242510416', '94767112', 'RIZKI ILHAMI', 31, 'Laki-laki'),
(3253, '242510150', '98551118', 'SABILAH', 31, 'Perempuan'),
(3254, '242510039', '89514393', 'SENDI MAULANA IBRAHIM', 31, 'Laki-laki'),
(3255, '242510152', '81714612', 'SHINTA DEWI ANGGRAENI', 31, 'Perempuan'),
(3256, '242510195', '95785686', 'SITI ALLERIA AKASHA', 31, 'Perempuan'),
(3257, '242510312', '94916611', 'SYAHIRA SADZYA', 31, 'Perempuan'),
(3258, '242510349', '88311872', 'SYAHRANI FITRI AULIA', 31, 'Perempuan'),
(3259, '242510421', '89355758', 'SYAIMA DALILA AZKIA', 31, 'Perempuan'),
(3260, '242510427', '78782061', 'YUSUP HAMDANI', 31, 'Laki-laki'),
(3261, '242510353', '89561949', 'ALFAIRA BERLIYANI', 22, 'Perempuan'),
(3262, '242510041', '94191941', 'AMELIA RAHMA ARISTAWATI', 22, 'Perempuan'),
(3263, '242510164', '83626044', 'ANGGITA ASTYANI', 22, 'Perempuan'),
(3264, '242510166', '76086800', 'AULIA AZKA MUKAYYIS', 22, 'Perempuan'),
(3265, '242510086', '95913000', 'AURA DWI ANZHANI', 22, 'Perempuan'),
(3266, '242510043', '95646442', 'AZKA BAHARRIZKI PUTRA HERMANTO', 22, 'Laki-laki'),
(3267, '242510394', '88164501', 'CINTA DWI APRILIANA', 22, 'Perempuan'),
(3268, '242510288', '94718442', 'DERIEL RAFIQAYSA', 22, 'Laki-laki'),
(3269, '242510396', '98792210', 'EFFLLY RACHMAWATI NOERANI', 22, 'Perempuan'),
(3270, '242510046', '89043956', 'FAREL ANDHIKA PUTRA', 22, 'Laki-laki'),
(3271, '242510093', '89421468', 'FATHIN ABIYYU SUKMA', 22, 'Laki-laki'),
(3272, '242510213', '84037929', 'FAWAZA BARIQ ALKAMIL', 22, 'Laki-laki'),
(3273, '242510096', '82191290', 'FITRIA RIZQI AMALIA SUCI', 22, 'Perempuan'),
(3274, '242510293', '81154931', 'GUIDO JOSAFAT', 22, 'Laki-laki'),
(3275, '242510333', '91261825', 'KAYLA HUMAIRA MAULIDA AZZAHRA', 22, 'Perempuan'),
(3276, '242510256', '93688574', 'KEIKO AQILA ANANDIRA', 22, 'Perempuan'),
(3277, '242510334', '81219411', 'KESYA KIANYA QUROTAAYUNI', 22, 'Perempuan'),
(3278, '242510369', '83397715', 'KEYSA REGITA NURFITRI ADRIANA', 22, 'Perempuan'),
(3279, '242510404', '97884501', 'KEYZILA NAFFISAHANIF', 22, 'Perempuan'),
(3280, '242510102', '89647345', 'LAUDYA CANTIKA SARI', 22, 'Perempuan'),
(3281, '242510138', '97310415', 'LESTARI DWI ALTHAFUNISA', 22, 'Perempuan'),
(3282, '242510056', '97736063', 'MUHAMMAD AHNAF ALFAREZI', 22, 'Laki-laki'),
(3283, '242510185', '97653167', 'MUHAMMAD FAUZAN AZMI HANIF', 22, 'Laki-laki'),
(3284, '242510227', '84533001', 'NABIILA NUR TAMIIMAH', 22, 'Perempuan'),
(3285, '242510228', '87907930', 'NABILA GUNAWAN', 22, 'Perempuan'),
(3286, '242510031', '96356610', 'NADIA MAHARANI', 22, 'Perempuan'),
(3287, '242510264', '82559240', 'NADYA NUR ATTIFA RISALMA', 22, 'Perempuan'),
(3288, '242510340', '82371648', 'NAYARI ISNA LATIFAH', 22, 'Perempuan'),
(3289, '242510060', '92490103', 'NAZLA NAIMAH SIBGHATULLAH', 22, 'Perempuan'),
(3290, '242510413', '81488693', 'RADEN MUHAMMAD RAFI SHOLIHUDDIN', 22, 'Laki-laki'),
(3291, '242510109', '98938060', 'RAFI IKHSAN ALRASYID', 22, 'Laki-laki'),
(3292, '242510268', '94992588', 'RAISYA ANGELIA', 22, 'Perempuan'),
(3293, '242510075', '83968805', 'SAFFANAH PUTRI KAMILAH', 22, 'Perempuan'),
(3294, '242510153', '86315065', 'SILMI AGHNIYA AZ-ZAHRA', 22, 'Perempuan'),
(3295, '242510196', '99942370', 'TANTI AZIZAH PUTRI JAMALUDIN', 22, 'Perempuan'),
(3296, '242510237', '92641855', 'TASYA ASTI AURELIA', 22, 'Perempuan'),
(3297, '242510239', '81443370', 'ABDHI RESTU PRATAMA', 23, 'Laki-laki'),
(3298, '242510082', '77233308', 'ADEELA HALWA KHAIRANI', 23, 'Perempuan'),
(3299, '242510161', '95530152', 'AGNA ARUNI AMALIA', 23, 'Perempuan'),
(3300, '242510242', '98409105', 'ALVIN NURAHMAN', 23, 'Laki-laki'),
(3301, '242510206', '85965772', 'AMALIA TRIYANI', 23, 'Perempuan'),
(3302, '242510244', '86322601', 'AMELIA PUTRI PRATIWI', 23, 'Perempuan'),
(3303, '242510278', '96701256', 'ANIS FITRY', 23, 'Perempuan'),
(3304, '242510282', '85414542', 'ANUGRAH WIYASA', 23, 'Laki-laki'),
(3305, '242510123', '94352212', 'ARLYN NAFIZA PUTRI RAHMAN', 23, 'Perempuan'),
(3306, '242510007', '3081028826', 'CAHYA KUMAIRA PUTRI HIDAYAH', 23, 'Perempuan'),
(3307, '242510167', '97984469', 'CHIKA SAKURA', 23, 'Perempuan'),
(3308, '242510210', '101897198', 'DEWI ANDRIYANI', 23, 'Perempuan'),
(3309, '242510289', '93030566', 'DIANA ARISTA', 23, 'Laki-laki'),
(3310, '242510252', '92065253', 'FILDZA KHAIRINA RIDWAN', 23, 'Perempuan'),
(3311, '242510329', '3090168065', 'GARNETTA ARTANTY', 23, 'Perempuan'),
(3312, '242510292', '99966202', 'GHIANDRA MAULANA', 23, 'Perempuan'),
(3313, '242510132', '91430065', 'INTAN AULIA HIDAYAH', 23, 'Perempuan'),
(3314, '242510134', '83864591', 'JIHAN NAQIYA', 23, 'Perempuan'),
(3315, '242510020', '96630335', 'KAFKA ABDEE HAFIEDZ', 23, 'Laki-laki'),
(3316, '242510258', '79470223', 'KENFITRIA SALSABILLA PEGARANI', 23, 'Perempuan'),
(3317, '242510298', '89775160', 'LUBNA LUTFIFFAH', 23, 'Laki-laki'),
(3318, '242510221', '81792912', 'LUTFIAH OKTAFIANI', 23, 'Perempuan'),
(3319, '242510024', '93717526', 'MALFA RAISYA KHANSA', 23, 'Laki-laki'),
(3320, '242510182', '91973930', 'MEGA LESTARI', 23, 'Laki-laki'),
(3321, '242510183', '86007662', 'MUHAMAD ALIFFIAN RAMADHANI', 23, 'Laki-laki'),
(3322, '242510262', '92761255', 'MUHAMMAD ARSYAD ALYASA', 23, 'Laki-laki'),
(3323, '242510259', '3098781299', 'MUHAMMAD RIZKI MALIK ABDILAH', 23, 'Laki-laki'),
(3324, '242510226', '96209432', 'MUHAMMAD ZIYAD ARHATTA', 23, 'Laki-laki'),
(3325, '242510303', '82302994', 'NABILLA KHOIRUNNISA', 23, 'Perempuan'),
(3326, '242510107', '85691465', 'NAZWA HASNA PUTERI', 23, 'Perempuan'),
(3327, '242510063', '99385990', 'NISRINA ANDRIANI MARDIAH', 23, 'Perempuan'),
(3328, '242510108', '88405311', 'OKTAVIANI FITRIA', 23, 'Perempuan'),
(3329, '242510380', '99022887', 'PRISA RAHMA', 23, 'Perempuan'),
(3330, '242510066', '86113153', 'PUTRI TSAMROTUL FUADAH', 23, 'Perempuan'),
(3331, '242510381', '87973538', 'RADEN MOCHAMAD REYHAN FIRDAUS', 23, 'Laki-laki'),
(3332, '242510113', '85808338', 'REYSYA RINDU ANANDA', 23, 'Perempuan'),
(3333, '242510385', '88987256', 'SAMMY ADHITYA RAHMAN', 23, 'Laki-laki'),
(3334, '242510078', '94726224', 'SISKA UMAEROH', 23, 'Perempuan'),
(3335, '242510276', '94336021', 'ZIDANE DZIAULHAQ FAHDILLA', 23, 'Laki-laki'),
(3336, '242510277', '98392444', 'ADINDA LUSIANA ARISAPUTRA', 24, 'Perempuan'),
(3337, '242510279', '3085356516', 'ANISA KARIM', 24, 'Perempuan'),
(3338, '242510042', '95679379', 'ARYA ROMANSYAH HENDRAWAN', 24, 'Laki-laki'),
(3339, '242510284', '96816989', 'AUREL NATASYA PUTRI', 24, 'Perempuan'),
(3340, '242510004', '82699061', 'AYU RIZKI LESTARI', 24, 'Perempuan'),
(3341, '242510006', '94109554', 'BONG MARVELL', 24, 'Laki-laki'),
(3342, '242510126', '86527657', 'DAFFA SAEPUL RAMDAN', 24, 'Laki-laki'),
(3343, '242510170', '84752207', 'DIAN SAFITRI', 24, 'Perempuan'),
(3344, '242510363', '87678415', 'DURROTUL INNAROH', 24, 'Perempuan'),
(3345, '242510013', '3096825726', 'FAEYZA INTAN GHAISANI', 24, 'Perempuan'),
(3346, '242510328', '81281027', 'FAUZIAH RAHMAHAYATI', 24, 'Perempuan'),
(3347, '242510095', '3084097745', 'FIRYAL YAPI AHMAD', 24, 'Perempuan'),
(3348, '242510214', '83217260', 'FIRZA AHMAD ZAIDAN', 24, 'Laki-laki'),
(3349, '242510215', '89441527', 'GENDIS PUTRI KIRANI', 24, 'Perempuan'),
(3350, '242510401', '96079282', 'HANIF AQILLA BAGAPRAWIRA', 24, 'Laki-laki'),
(3351, '242510053', '83684185', 'HERSYA ADHWA FITRIAS', 24, 'Perempuan'),
(3352, '242510332', '93835775', 'JANUAR MOHAMMAD DRAJAT', 24, 'Laki-laki'),
(3353, '242510135', '91193612', 'KEMAL KAMALUDIN', 24, 'Laki-laki'),
(3354, '242510101', '91324117', 'KENNETH GIBSON WIJAYA', 24, 'Laki-laki'),
(3355, '242510137', '91509605', 'LEANA CARISSA PUTRI', 24, 'Perempuan'),
(3356, '242510261', '96615665', 'MUHAMAD ZLATAN IBRAHIM', 24, 'Laki-laki'),
(3357, '242510373', '98352887', 'MUHAMMAD ARYA KEMAL', 24, 'Laki-laki'),
(3358, '242510265', '85863600', 'NATASYA ZELIKA RAMADHANTY', 24, 'Perempuan'),
(3359, '242510188', '93832055', 'NEYZA DWI MULYANI', 24, 'Perempuan'),
(3360, '242510267', '99099701', 'OSYA RAFFIE RAZAQIE', 24, 'Laki-laki'),
(3361, '242510307', '86807497', 'RESTI NURAINI', 24, 'Perempuan'),
(3362, '242510071', '84635663', 'RESTU WULAN OKTAVIANI', 24, 'Perempuan'),
(3363, '242510271', '88476398', 'REYNA NABIHA SHULA', 24, 'Perempuan'),
(3364, '242510234', '82113434', 'RIFAN AMIN FAUZAN', 24, 'Laki-laki'),
(3365, '242510310', '86300144', 'SANY NURRAHMAWATI', 24, 'Perempuan'),
(3366, '242510116', '91722681', 'SHELIA APRIANI', 24, 'Perempuan'),
(3367, '242510079', '91157589', 'SITI GINA KANIA', 24, 'Perempuan'),
(3368, '242510080', '98694831', 'TAMA PANDUWINATA MAULUDAN', 24, 'Laki-laki'),
(3369, '242510275', '84037676', 'THALITA PUTRI ANINDYA', 24, 'Perempuan'),
(3370, '242510160', '81996468', 'ZASKIA APRILIANI HERDIANA', 24, 'Perempuan'),
(3371, '242510314', '85968521', 'ZEFANYA KENESIA SINAGA', 24, 'Perempuan'),
(3372, '242510200', '88788610', 'ZIHAN CLARISA SENJAYA', 24, 'Perempuan'),
(3373, '242510315', '88174212', 'ADELIA AGUSTIN', 25, 'Perempuan'),
(3374, '242510240', '83610818', 'ADRIANA MOZZA RAYSA ARUMMI', 25, 'Perempuan'),
(3375, '242510204', '82703306', 'ALISHA MURSAL', 25, 'Perempuan'),
(3376, '242510356', '99742545', 'ALYZA KIRANIA AZKA SHAFIRA', 25, 'Perempuan'),
(3377, '242510243', '83334175', 'AMANDA SAHFITRI', 25, 'Perempuan'),
(3378, '242510316', '81267954', 'ANNISA PUTRI', 25, 'Perempuan'),
(3379, '242510319', '89545077', 'AULIA RAMADHANI', 25, 'Perempuan'),
(3380, '242510005', '98609317', 'AZZAHWA ASSYAFIQOH', 25, 'Perempuan'),
(3381, '242510008', '85815494', 'CITRA APRILIANI PRATAMA', 25, 'Perempuan'),
(3382, '242510322', '3082401701', 'DEMIAN REIVANDIKA RAMADHAN', 25, 'Laki-laki'),
(3383, '242510010', '97349445', 'DIAN TRI ASTUTI', 25, 'Perempuan'),
(3384, '242510364', '87794157', 'FIRA NOVIANTI', 25, 'Perempuan'),
(3385, '242510017', '82495308', 'FIRDA NUR FADILAH', 25, 'Perempuan'),
(3386, '242510049', '96838109', 'GAIS PUTRI ANISA', 25, 'Perempuan'),
(3387, '242510295', '81884169', 'JIHAN FATHIYAH ISMARA', 25, 'Perempuan'),
(3388, '242510220', '81045023', 'KALISYA NUR SYAHBANI', 25, 'Perempuan'),
(3389, '242510370', '89804732', 'KRISTALICA PUTRI', 25, 'Perempuan'),
(3390, '242510103', '86426791', 'LINGGA MAHARDIKA', 25, 'Laki-laki'),
(3391, '242510376', '86280934', 'NABILLA KAYLA KINASIH', 25, 'Perempuan'),
(3392, '242510229', '96332422', 'NASYA TALIA GABETIA PANGGABEAN', 25, 'Perempuan'),
(3393, '242510341', '89158929', 'PAUZIAH', 25, 'Perempuan'),
(3394, '242510146', '89367323', 'PUTRI KHANAYA SALSYABILA', 25, 'Perempuan'),
(3395, '242510067', '88968911', 'RADEN AYUNDA SITI FATIMAH', 25, 'Perempuan'),
(3396, '242510344', '93141823', 'REYNATA RAHMA NOERRACHIM', 25, 'Perempuan'),
(3397, '252611429', '85816112', 'RIKA FITRIANY', 25, 'Perempuan'),
(3398, '242510151', '92799649', 'SALMA ZAHRATUNNISA', 25, 'Perempuan'),
(3399, '242510235', '87583293', 'SAVINNA CHALLITA', 25, 'Perempuan'),
(3400, '242510346', '85916962', 'SAYYIDAH PUTRI SALAMAH', 25, 'Perempuan'),
(3401, '242510347', '95777731', 'SHAKA DICHI PUTRA', 25, 'Laki-laki'),
(3402, '242510311', '96697583', 'SITI AISAH SAIDAH', 25, 'Perempuan'),
(3403, '242510274', '81475238', 'SYAFIRA PUTRI HERDIYANTI', 25, 'Perempuan'),
(3404, '242510350', '96921089', 'SYIFA KIRANA AMRI', 25, 'Perempuan'),
(3405, '242510387', '84485391', 'TALISYA CALISTA', 25, 'Perempuan'),
(3406, '242510390', '94166561', 'ZENITHA VITALOKA', 25, 'Perempuan'),
(3407, '242510351', '96826217', 'ZOEBIE WIDANSYAH ABDILLAH', 25, 'Laki-laki'),
(3408, '242510084', '93537260', 'ADSIL RESI BINTARI', 26, 'Perempuan'),
(3409, '242510247', '99608220', 'ANISA SALSABILA WIJAYA', 26, 'Perempuan'),
(3410, '242510207', '91638670', 'ARIHNI RAIHATAL JANNAH', 26, 'Perempuan'),
(3411, '242510124', '97419125', 'AS-SYAFA LUTFIANA RUMJANAH', 26, 'Perempuan'),
(3412, '242510357', '93534173', 'AUFA JAUZA AZKIYAH', 26, 'Perempuan'),
(3413, '242510321', '96482565', 'BILAL RAJAB SYUHADA', 26, 'Laki-laki'),
(3414, '242510125', '97861699', 'CATUR SRI HANDIANINGRUM', 26, 'Perempuan'),
(3415, '242510248', '3090789166', 'DEFASYA ANGGARA PUTRA ADITYA', 26, 'Laki-laki'),
(3416, '242510209', '99539725', 'DEVIA ANATASYA', 26, 'Perempuan'),
(3417, '242510324', '82903842', 'DIANA JELITA KUSUMASTIWI', 26, 'Perempuan'),
(3418, '242510011', '98202088', 'DIPA NGESTU GUSTI', 26, 'Laki-laki'),
(3419, '242510015', '82055367', 'FAKHRI AKMAL MUZAKKI', 26, 'Laki-laki'),
(3420, '242510400', '99459466', 'FEBRIYANA PUTRI PRATAMA', 26, 'Perempuan'),
(3421, '242510097', '101793135', 'HANUM HUMAIRA FAJRIYAH SALSABILA', 26, 'Perempuan'),
(3422, '242510136', '93378856', 'KEVIN KHOERUL ANAM', 26, 'Laki-laki'),
(3423, '242510403', '93697712', 'KEYSHA NALA ALRAF BELLA', 26, 'Perempuan'),
(3424, '242510140', '82809740', 'MAISYE LIANI RAMADHAN', 26, 'Perempuan'),
(3425, '242510222', '86165656', 'MEISYA RISMA AULYA', 26, 'Perempuan'),
(3426, '242510026', '97758868', 'MOCHAMAD ABDUL LATAEF', 26, 'Laki-laki'),
(3427, '242510028', '95986187', 'MUHAMMAD AZKA RAISSA PUTRA', 26, 'Laki-laki'),
(3428, '242510406', '97663905', 'MUHAMMAD RAFA DANI PUTRA', 26, 'Laki-laki'),
(3429, '242510105', '89812372', 'MUHAMMAD RAMDHAN JAELANI', 26, 'Laki-laki'),
(3430, '242510058', '83008064', 'MUHAMMAD RAZAN IHSAN', 26, 'Laki-laki'),
(3431, '242510032', '92103847', 'NENG NAZWA DARYATUL HUSNA', 26, 'Perempuan'),
(3432, '242510147', '99042994', 'RADEN SATYA AHMAD KHALIFA', 26, 'Laki-laki'),
(3433, '242510269', '88411704', 'RAISYA MUTIARA ALZAHRA', 26, 'Perempuan'),
(3434, '242510345', '99413693', 'ROBI MUHAMAD ZAKARIA', 26, 'Laki-laki'),
(3435, '242510037', '87615559', 'SAFA AFIFAH', 26, 'Perempuan'),
(3436, '242510236', '96732883', 'SYAFA AL QUEENA ROFI', 26, 'Perempuan'),
(3437, '242510422', '94299457', 'TAZKIA YUMNAA NUUR AANISAH', 26, 'Perempuan'),
(3438, '242510157', '95686396', 'VANIA PUTRI', 26, 'Perempuan'),
(3439, '242510040', '99904838', 'VINNA SILVIANA MAULIDA', 26, 'Perempuan'),
(3440, '242510120', '87842744', 'ZAHRA FITRIA HARTANTI', 26, 'Perempuan'),
(3441, '242510158', '99008194', 'ZAHRA NAMIRA PUTRI', 26, 'Perempuan'),
(3442, '242510197', '83733656', 'ZAHRA YUNIARTI', 26, 'Perempuan'),
(3443, '242510428', '86973829', 'ZIKRI KHAIRUL FADILAH', 26, 'Laki-laki'),
(3444, '242510081', '95955717', 'ACHMAD FAKHRI AKMAL', 27, 'Laki-laki'),
(3445, '242510241', '74788157', 'AHMAD SOPIAN', 27, 'Laki-laki'),
(3446, '242510203', '89668707', 'ALETA MEISYA HARIMAN', 27, 'Perempuan'),
(3447, '242510392', '95612460', 'AURA APRILIA', 27, 'Perempuan'),
(3448, '242510089', '94277902', 'CICI LIS DIANA', 27, 'Perempuan'),
(3449, '242510208', '89665140', 'DEANDRA PUTRA TRIYANA', 27, 'Laki-laki'),
(3450, '242510127', '91428465', 'DETY AFIA', 27, 'Perempuan'),
(3451, '242510397', '83241499', 'ERLIE ZAHRANI', 27, 'Perempuan'),
(3452, '242510399', '87743376', 'FAHRI AKBAR', 27, 'Laki-laki'),
(3453, '242510048', '96797849', 'FINA NURWITA ROSADY', 27, 'Perempuan'),
(3454, '242510018', '84517394', 'GIRLY AURELVIA', 27, 'Perempuan'),
(3455, '242510051', '98165374', 'GRACE YUNI ARTHA SIMAMORA', 27, 'Perempuan'),
(3456, '242510330', '81678183', 'ILHAM RAMADHAN', 27, 'Laki-laki'),
(3457, '242510331', '81675090', 'IQBAL FAJRI FERDIANSYAH', 27, 'Laki-laki'),
(3458, '242510177', '96622247', 'KALINDRA KIRANA ASWANI', 27, 'Perempuan'),
(3459, '242510297', '84127053', 'KEYSA SHAFIRA OCTAVIANIE', 27, 'Perempuan'),
(3460, '242510142', '87754693', 'MUHAMAD AGUS RIDWAN', 27, 'Laki-laki'),
(3461, '242510027', '81311379', 'MUHAMAD DAFFA BUSYROLKARIM', 27, 'Laki-laki'),
(3462, '242510300', '93730349', 'MUHAMAD REIZA MAHENDRANA', 27, 'Laki-laki'),
(3463, '242510057', '99595373', 'MUHAMMAD LUDTFI SULAEMAN', 27, 'Laki-laki'),
(3464, '242510186', '82014824', 'MUHAMMAD RUSLY', 27, 'Laki-laki'),
(3465, '242510339', '87200084', 'MUTIARA AGSTYA SETIAWAN', 27, 'Perempuan'),
(3466, '242510377', '94408904', 'NAZWA RHEIZA YUSHA SAPUTRA', 27, 'Perempuan'),
(3467, '242510266', '84709136', 'NEYLA FITRI OKTAVIANI', 27, 'Perempuan'),
(3468, '242510064', '89498777', 'NIZAR DZULFIKAR SATRIANI', 27, 'Laki-laki'),
(3469, '242510305', '88511729', 'PASHA FAHMI ROBIANSYAH', 27, 'Laki-laki'),
(3470, '242510033', '85464362', 'PUTRI VANESHA FILLIA', 27, 'Perempuan'),
(3471, '242510035', '94683206', 'RAFFANARA ALIF FAHRURRAZI', 27, 'Laki-laki'),
(3472, '242510382', '91442117', 'RAFFI SAMIR NASRI', 27, 'Laki-laki'),
(3473, '242510306', '84076254', 'REGITA ANDIA PUTRI', 27, 'Perempuan'),
(3474, '242510343', '85263910', 'REHAN PRIATNA', 27, 'Laki-laki'),
(3475, '242510192', '96747558', 'RIDHO YACHI SUDIRMAN SUDANA', 27, 'Laki-laki'),
(3476, '242510272', '89783762', 'RINDRA RIZKIA RAFLIANA', 27, 'Laki-laki'),
(3477, '242510386', '88899347', 'SEPTI DWI RAHMADANI', 27, 'Perempuan'),
(3478, '242510117', '85100834', 'SITI FITRIYANI', 27, 'Perempuan'),
(3479, '242510156', '84600714', 'TAUFIK URROHMAN', 27, 'Laki-laki'),
(3480, '242510159', '76626949', 'ZAHRAN NURFAJAR', 27, 'Laki-laki'),
(3481, '242510201', '93366077', 'ADRIANSYAH SAPUTRA', 28, 'Laki-laki'),
(3482, '242510121', '95739200', 'AFRIAN PRASETYA', 28, 'Laki-laki'),
(3483, '242510002', '88803548', 'ALYA MUKHBITHA RAMADHANI', 28, 'Perempuan'),
(3484, '242510165', '98955876', 'ANJANI NUR SUKMAWATI', 28, 'Perempuan'),
(3485, '242510122', '84471416', 'AQILA ZAHRA', 28, 'Perempuan'),
(3486, '242510395', '98610665', 'DIANDRA PRAMUGIA RAHARJO', 28, 'Laki-laki'),
(3487, '242510326', '98091371', 'DIMAS DIKA SAPUTRA', 28, 'Laki-laki'),
(3488, '242510361', '81923491', 'DIMAS ZAHRAN ASSIDQI', 28, 'Laki-laki'),
(3489, '242510131', '89298977', 'GERRY DIVANO', 28, 'Laki-laki'),
(3490, '242510294', '77024051', 'HAIKAL CHANDRA WINATA', 28, 'Laki-laki'),
(3491, '242510254', '94282979', 'HILDA SITI MAULIDA', 28, 'Perempuan'),
(3492, '242510367', '88359799', 'KANIA RAMADHANI', 28, 'Perempuan'),
(3493, '242510178', '82969160', 'KEISYA AULIA', 28, 'Perempuan'),
(3494, '242510179', '83787263', 'LILIYANA ANNISA PERTIWI', 28, 'Perempuan'),
(3495, '242510260', '85099949', 'MUHAMAD HENDI SAPUTRA', 28, 'Laki-laki'),
(3496, '242510225', '93687283', 'MUHAMMAD BINTANG NAZRIL', 28, 'Laki-laki'),
(3497, '242510374', '86451385', 'MUHAMMAD FAJRI SUBHI', 28, 'Laki-laki'),
(3498, '242510104', '82613237', 'MUHAMMAD FARHAN FADHILLAH', 28, 'Laki-laki'),
(3499, '242510375', '91629735', 'MUHAMMAD GHAUSSAN ARIFIN', 28, 'Laki-laki'),
(3500, '242510029', '96489342', 'MUHAMMAD RASYAD ASYAFIQ', 28, 'Laki-laki'),
(3501, '242510106', '86964044', 'MUHAMMAD RIZKI AL FARUQI', 28, 'Laki-laki'),
(3502, '242510263', '89724565', 'MUHAMMAD RIZKY FAUZY', 28, 'Laki-laki'),
(3503, '242510410', '98905757', 'NADILLA DWI JULIANTI', 28, 'Perempuan'),
(3504, '242510304', '91183604', 'NENG SIVA NURPADILA', 28, 'Perempuan'),
(3505, '242510145', '81826161', 'NOVA DWI KURNIAWAN', 28, 'Laki-laki'),
(3506, '242510065', '85415092', 'PARIHAH NUR AZQIA', 28, 'Perempuan'),
(3507, '242510342', '86076485', 'PERMANA AGUNG SANTOSO', 28, 'Laki-laki'),
(3508, '242510148', '96861408', 'RAHMA AURELIA', 28, 'Perempuan'),
(3509, '242510112', '81988286', 'REVA LINA PUTRI', 28, 'Perempuan'),
(3510, '242510073', '86649467', 'REVALLINO NOVANSYAH HAQ', 28, 'Laki-laki'),
(3511, '242510036', '81553403', 'RIFKI SOPIAN', 28, 'Laki-laki'),
(3512, '242510419', '83091827', 'SATYA AFDHILA BAIHAQI', 28, 'Laki-laki'),
(3513, '242510077', '92498923', 'SHAFA SALSABILLA', 28, 'Perempuan'),
(3514, '242510194', '86037767', 'SINTIA NURCAHYA', 28, 'Perempuan'),
(3515, '242510423', '89927981', 'TIARA RAHMAWATI', 28, 'Perempuan'),
(3516, '242510198', '87092531', 'ZAHRAN ARKHAN RAMADHAN', 28, 'Laki-laki'),
(3517, '242510001', '85705284', 'AKBAR RAMADAN', 29, 'Laki-laki'),
(3518, '242510085', '96570377', 'ALMIRA NURSILO MAHARANI', 29, 'Perempuan'),
(3519, '242510283', '92102115', 'ARDIANSYAH GUNAWAN', 29, 'Laki-laki'),
(3520, '242510003', '82472945', 'AULIA NUR ANNISSA', 29, 'Perempuan'),
(3521, '242510285', '96758450', 'BAGAS ADITIA NUGRAHA', 29, 'Laki-laki'),
(3522, '242510320', '84703163', 'BAYU APRIANSYAH', 29, 'Laki-laki'),
(3523, '242510360', '84089270', 'DENIS PERDANA SETIAWAN', 29, 'Laki-laki'),
(3524, '242510047', '86707515', 'FARREL SATRIA SUGIANTO', 29, 'Laki-laki'),
(3525, '242510130', '3097548428', 'FITRIA APRILLIANI', 29, 'Perempuan'),
(3526, '252611431', '82813913', 'GALANG RAHARJA ADIDJAJA', 29, 'Laki-laki'),
(3527, '242510217', '94306549', 'HAFIZ ALFADIEL ABYANTARA', 29, 'Laki-laki'),
(3528, '242510052', '95098747', 'HASBI HIBATULLOH', 29, 'Laki-laki'),
(3529, '242510098', '94240929', 'ICHA SOPIA', 29, 'Perempuan'),
(3530, '242510257', '87180310', 'KEISYA PUTRI ZALIANTI', 29, 'Perempuan'),
(3531, '242510405', '88750218', 'MOCHAMAD RAFFI AL HUDAFI', 29, 'Laki-laki'),
(3532, '242510371', '89804682', 'MOCHAMAD RIFQY NUGRAHA', 29, 'Laki-laki'),
(3533, '242510317', '3092107457', 'MOH ARGA KHARISMA', 29, 'Laki-laki'),
(3534, '242510184', '86001801', 'MUHAMAD NAZRIL GUNTARA', 29, 'Laki-laki'),
(3535, '242510301', '81171074', 'MUHAMMAD DEVAN RAMADHAN', 29, 'Laki-laki'),
(3536, '242510407', '82349796', 'MUHAMMAD RAFFI FAWWAZ', 29, 'Laki-laki'),
(3537, '242510059', '86096382', 'NASYWA PERMATA NURZAIN', 29, 'Perempuan'),
(3538, '242510187', '87264868', 'NESSA NOVANDYA PUTRI', 29, 'Perempuan'),
(3539, '242510379', '0083828228\'', 'NILAM NAULIYA HERLIANI', 29, 'Perempuan'),
(3540, '242510034', '3086754433', 'RADEN ADINDA SITI ZAHRA', 29, 'Perempuan'),
(3541, '242510190', '96975539', 'RAIHAN HABIBURROHMAN', 29, 'Laki-laki'),
(3542, '242510069', '72708986', 'RAINY PRECIOUS AHMAD', 29, 'Perempuan'),
(3543, '242510270', '88336395', 'RANI NUR AENI', 29, 'Perempuan'),
(3544, '242510233', '84511970', 'RIDHO RIZKI GUNAWAN', 29, 'Laki-laki'),
(3545, '242510415', '85996665', 'RIFAL ABDUL ZABBAR', 29, 'Laki-laki'),
(3546, '242510074', '89989416', 'RIFALIKA NUR FITRI', 29, 'Perempuan'),
(3547, '242510076', '88292199', 'SANDI PRATAMA', 29, 'Laki-laki'),
(3548, '242510420', '87376197', 'SITI NURUL HAMDA', 29, 'Perempuan'),
(3549, '242510155', '89395693', 'SUTAN MAULANA IBRAHIM', 29, 'Laki-laki'),
(3550, '242510118', '73623520', 'TALITHA FAUZIYYAH MUMTAZAH', 29, 'Perempuan'),
(3551, '252611430', '87096785', 'VIONA MUTIARA KURNIADI', 29, 'Perempuan'),
(3552, '242510389', '97145108', 'WIWIN', 29, 'Perempuan'),
(3553, '242510083', '84850277', 'ADLI MALIK PRATAMA', 32, 'Laki-laki'),
(3554, '242510354', '95645446', 'ALFIKA KIRANA', 32, 'Perempuan'),
(3555, '242510205', '89044060', 'ALVIN FIRDAUS PRASETYO', 32, 'Laki-laki'),
(3556, '242510245', '84671282', 'ANDIKA RAMADHAN DWI PUTRA', 32, 'Laki-laki'),
(3557, '242510359', '83142296', 'BUNGA ROSI MUTIARA SANI', 32, 'Perempuan'),
(3558, '242510044', '87645197', 'CAHAYA GITA MERLITHA', 32, 'Perempuan'),
(3559, '242510286', '3081216721', 'CHIKA FARADINA RUHIAT', 32, 'Perempuan'),
(3560, '242510012', '91828532', 'ERLANG AGUNG SETIAWAN', 32, 'Laki-laki'),
(3561, '242510327', '89888983', 'FADIA AZAHRA', 32, 'Perempuan'),
(3562, '242510290', '86429718', 'FAHRI RAMDANI', 32, 'Laki-laki'),
(3563, '242510172', '95962312', 'FAJAR MAULID', 32, 'Laki-laki'),
(3564, '242510250', '73140811', 'FATIR FERDINAND', 32, 'Laki-laki'),
(3565, '242510174', '82446072', 'GILANG GINTARI SUJANA', 32, 'Laki-laki'),
(3566, '242510218', '79145848', 'INDAH KIRANA UTAMI', 32, 'Perempuan'),
(3567, '242510133', '93486716', 'INTAN NUR AJIJAH', 32, 'Perempuan'),
(3568, '242510176', '89134211', 'ISMAH AULA', 32, 'Perempuan'),
(3569, '242510402', '95029390', 'JUAN YESAYA', 32, 'Laki-laki'),
(3570, '242510255', '88611807', 'KANAYA ANDHITA MAYCHELLA', 32, 'Perempuan'),
(3571, '242510139', '85988246', 'LUTHFI DESTRA HERLIA PUTRA', 32, 'Laki-laki'),
(3572, '242510141', '82702157', 'MITKA OPHELIA', 32, 'Perempuan'),
(3573, '252611436', '89661747', 'MUHAMMAD RAIHAN RAMADHANI', 32, 'Laki-laki'),
(3574, '242510302', '93597581', 'MUHAMMAD SAIFUL ABDULLAH', 32, 'Laki-laki'),
(3575, '242510338', '3092458088', 'MUSHAB HAFIDZUL KARIEM', 32, 'Laki-laki'),
(3576, '242510383', '86003188', 'RAMADHANI SUARDI', 32, 'Laki-laki'),
(3577, '242510072', '87802399', 'REVA LINA SEPTIANI', 32, 'Perempuan'),
(3578, '242510308', '98449027', 'RIVALDO HARLY KHAN', 32, 'Laki-laki'),
(3579, '242510038', '94978840', 'SANNY APRILIANI', 32, 'Perempuan'),
(3580, '242510114', '87969232', 'SENDI PEBRIAN', 32, 'Laki-laki'),
(3581, '242510154', '87448715', 'SITI MULYANI', 32, 'Perempuan'),
(3582, '242510313', '83087317', 'SYIFA AZ ZAHRA', 32, 'Perempuan'),
(3583, '242510388', '94244340', 'WINA SEPTIANI ROMDONI', 32, 'Perempuan'),
(3584, '242510425', '81512274', 'WULAN SARI DEWI', 32, 'Perempuan'),
(3585, '242510426', '83076987', 'YUDHISTIRA ARISWAYA BAYUNI', 32, 'Laki-laki'),
(3586, '242510119', '3095424123', 'YUNI NURAENI SILVIA', 32, 'Perempuan'),
(3587, '242510199', '95333412', 'ZAKHRAN ARDIANO', 32, 'Laki-laki'),
(3588, '242510352', '96767669', 'ZULFA TASYIRA ALGHIFARI SABANIAH', 32, 'Perempuan'),
(3589, '232410321', '77173272', 'ABRISHAM AZKA NOVRIYANZA', 464, 'Laki-laki'),
(3590, '232410001', '82539010', 'ADIS LAURA LESTARI', 464, 'Perempuan'),
(3591, '232410322', '88768076', 'AGHNYA KIRANA PUTRI AULYA', 464, 'Perempuan'),
(3592, '232410002', '75018342', 'ALFIA ZAHRATUN NISSA', 464, 'Perempuan'),
(3593, '232410115', '79633239', 'DAFFA HUDAYA MUFIDA', 464, 'Laki-laki'),
(3594, '232410326', '78452100', 'DAIVATHAYA WIMALA', 464, 'Laki-laki'),
(3595, '232410327', '83322526', 'DALTON GENOVOVA', 464, 'Laki-laki'),
(3596, '232410004', '82238265', 'DEVANDRA BELPAST SETIAWAN', 464, 'Laki-laki'),
(3597, '232410005', '82238260', 'DEWI AYU ASTUTIK', 464, 'Perempuan'),
(3598, '232410007', '87648733', 'FADLAN MUHAMAD RAMDANI', 464, 'Laki-laki'),
(3599, '232410330', '71815999', 'FANY PUSPITA SARI', 464, 'Perempuan'),
(3600, '232410008', '66022302', 'GINA AULIA', 464, 'Perempuan'),
(3601, '232410012', '74500462', 'ISTINING TYAS NURAINI ZAHRA', 464, 'Perempuan'),
(3602, '232410332', '75271499', 'KAYYSA LULU BAHIRA HARTONO PUTRI', 464, 'Perempuan'),
(3603, '232410333', '84812783', 'KEISHA AZARINE ZERLINDA', 464, 'Perempuan'),
(3604, '232410014', '71622311', 'KURNIA HADIYANSAH', 464, 'Laki-laki'),
(3605, '232410335', '77234790', 'MIFTHA ALTARICFA', 464, 'Perempuan'),
(3606, '232410337', '76320849', 'MOCHAMMAD JIBRIL PUTRA PRASETYA', 464, 'Laki-laki'),
(3607, '232410338', '84554883', 'MUFLI MIFTAHUL IRWAN', 464, 'Laki-laki'),
(3608, '232410339', '88513662', 'MUHAMAD ISAM', 464, 'Laki-laki'),
(3609, '232410015', '82597872', 'MUHAMMAD DAFFA BARIQ', 464, 'Laki-laki'),
(3610, '232410016', '83254996', 'MUHAMMAD MARWAN BAEHAKI', 464, 'Laki-laki'),
(3611, '232410019', '3080887260', 'MUHAMMAD RASYA JANUARIO', 464, 'Laki-laki'),
(3612, '232410018', '77080330', 'MUHAMMAD.IKHSAN', 464, 'Laki-laki'),
(3613, '232410020', '85696718', 'NADIRA AISAH PUTRI', 464, 'Perempuan'),
(3614, '232410021', '71491004', 'NAZWA AGNIATUN ZAHRA', 464, 'Perempuan'),
(3615, '232410022', '72108850', 'NAZWAH DESTYA PUTRI', 464, 'Perempuan'),
(3616, '232410023', '86560079', 'RAFI AUNUR RAHMAN', 464, 'Laki-laki'),
(3617, '232410027', '66025126', 'SALSA NAZWAL SAFIRI', 464, 'Perempuan'),
(3618, '232410029', '81483206', 'SHALSA SYIVA KIRANI', 464, 'Perempuan'),
(3619, '232410030', '83205996', 'SHOFI SITI FADHILAH', 464, 'Perempuan'),
(3620, '232410031', '77863738', 'SORAYA PUTRI RESTU BAHTIAR', 464, 'Perempuan'),
(3621, '232410032', '72065036', 'SYAHLA TAJILA SYIFA', 464, 'Perempuan'),
(3622, '232410033', '89919629', 'TIA KHOERUNNISA', 464, 'Perempuan'),
(3623, '232410034', '76172478', 'TIARA NAZWA FITRIANI', 464, 'Perempuan'),
(3624, '232410036', '71802321', 'YUSI SALMAH RENITA', 464, 'Perempuan'),
(3625, '232410073', '77140640', 'ADITYA DWIKI HAIKAL LIMBONG', 465, 'Laki-laki'),
(3626, '232410074', '74065382', 'ADNAN AHMAD FHATONY', 465, 'Laki-laki'),
(3627, '232410037', '89577993', 'AGNES ROTUA JOY TRILENTINE SIHOMBING', 465, 'Perempuan'),
(3628, '232410075', '73222365', 'ALIF JALALUDIN', 465, 'Laki-laki'),
(3629, '232410040', '74691635', 'ANGGINI KAYLA PUTRI KOSWARA', 465, 'Perempuan'),
(3630, '232410042', '88787739', 'CALLYSTA CANON EVANTHE', 465, 'Perempuan'),
(3631, '232410121', '81741348', 'FIRLY AULIA PUTRIE', 465, 'Perempuan'),
(3632, '242511362', '77610118', 'HILMA SEPTIANI', 465, 'Perempuan'),
(3633, '232410153', '76329808', 'IAN NUR RAHMAN SAPUTRA', 465, 'Laki-laki'),
(3634, '232410122', '71375176', 'IRMA FITRIYANTI', 465, 'Perempuan'),
(3635, '232410049', '87654948', 'KEIZAR PRATAMA FEBRIANO', 465, 'Laki-laki'),
(3636, '232410125', '84404371', 'MAULANA ALGO PRATAMA', 465, 'Laki-laki'),
(3637, '232410051', '89278436', 'MEDIANA DWI ANJANI', 465, 'Perempuan'),
(3638, '232410053', '79200306', 'MITHA TIARA RAMADHANI', 465, 'Perempuan'),
(3639, '232410340', '86243613', 'MUHAMAD LUTFI KHAIRUL RIZAL', 465, 'Laki-laki'),
(3640, '232410055', '87663572', 'MUHAMMAD FAUZAN ARIEFIN MALIK', 465, 'Laki-laki'),
(3641, '232410089', '84618967', 'MUHAMMAD NABIL ARDIANSYAH', 465, 'Laki-laki'),
(3642, '232410090', '76080753', 'MUHAMMAD RAFI DANENDRA', 465, 'Laki-laki'),
(3643, '232410056', '76941665', 'MUHAMMAD RIFAI', 465, 'Laki-laki'),
(3644, '232410343', '86616762', 'NABILA DWI NIMAS PUTRI', 465, 'Perempuan'),
(3645, '232410344', '72136547', 'NAJWA FIRDAUSI', 465, 'Perempuan'),
(3646, '232410345', '87525323', 'RADEN ARYA RANANGGANA HADIWINOTO', 465, 'Laki-laki'),
(3647, '232410061', '82243502', 'RAPAEL PRANSISKUS SITUNGKIR', 465, 'Laki-laki'),
(3648, '232410062', '72781711', 'RASYA ALVIONITA', 465, 'Perempuan'),
(3649, '232410170', '82752680', 'REFALDO RADITYA', 465, 'Laki-laki'),
(3650, '232410064', '87904171', 'ROISIYAH SABILA', 465, 'Perempuan'),
(3651, '232410351', '54005482', 'SAHRUL GUNAWAN', 465, 'Laki-laki'),
(3652, '232410352', '81284809', 'SALMA NUR AZIZAH', 465, 'Perempuan'),
(3653, '232410353', '71197797', 'SALMAA NUR ANDIMY', 465, 'Perempuan'),
(3654, '232410065', '63341015', 'SALWA MARWAH PATONAH', 465, 'Perempuan'),
(3655, '232410067', '73619228', 'SOFIA HANIFAH', 465, 'Perempuan'),
(3656, '232410355', '72489634', 'SULTHON ZULFIKAR', 465, 'Laki-laki'),
(3657, '232410212', '86871098', 'TIARA ZAHRA ALIYATI', 465, 'Perempuan'),
(3658, '232410356', '79467357', 'VIENETTA AURELIANSYAH', 465, 'Perempuan'),
(3659, '232410069', '75625994', 'WANDA ALYA AZZAHRA', 465, 'Perempuan'),
(3660, '232410070', '83319430', 'YOGA PRATAMA ARDIYANTO', 465, 'Laki-laki'),
(3661, '232410249', '85441669', 'AGIS RIZKI NURHILAL', 466, 'Laki-laki'),
(3662, '232410213', '81755488', 'AHMAD UMAM MAKBUL', 466, 'Laki-laki'),
(3663, '232410181', '77306123', 'ARIF MAOLANA YUSUF', 466, 'Laki-laki'),
(3664, '232410358', '85688922', 'ARIYES PUTRA JAYA', 466, 'Laki-laki'),
(3665, '232410219', '3072514026', 'ARNILA CITRA SEPTIANI', 466, 'Perempuan'),
(3666, '232410147', '74234185', 'AULIA KAYLA RAHMAWATI', 466, 'Perempuan'),
(3667, '232410221', '72097609', 'BAGZHA RHIZAB RISNANDAR', 466, 'Laki-laki'),
(3668, '232410253', '78656363', 'BIAS ABIZAIN', 466, 'Laki-laki'),
(3669, '232410186', '78968060', 'DIAZ HUGO ANARGYA', 466, 'Laki-laki'),
(3670, '232410222', '89185102', 'DIPO MULIANDA W.S', 466, 'Laki-laki'),
(3671, '232410224', '84468175', 'FELISA NURHAYATI', 466, 'Perempuan'),
(3672, '232410260', '78421145', 'FRASAD ENDRA JAYA', 466, 'Laki-laki'),
(3673, '232410225', '84804152', 'HARITS HAIKAL BUDIMAN', 466, 'Laki-laki'),
(3674, '232410262', '73231457', 'IHSAN ZAINAL TAMAM', 466, 'Laki-laki'),
(3675, '232410264', '85560681', 'INTAN MEILANI', 466, 'Perempuan'),
(3676, '232410155', '88685138', 'KEYLA FITRI SYAFIRA', 466, 'Perempuan'),
(3677, '232410158', '88408433', 'MANALU, WILLIAM OWEN', 466, 'Laki-laki'),
(3678, '232410159', '78690231', 'MAYA NURAENI', 466, 'Perempuan'),
(3679, '232410228', '84040408', 'MEDINA AKMALYA GUNAWAN', 466, 'Perempuan'),
(3680, '232410304', '87408247', 'MOCHAMMAD ADZKA HADIAN', 466, 'Laki-laki'),
(3681, '232410160', '83523906', 'MONICA MARIA IRWANTY GUNAWAN', 466, 'Perempuan'),
(3682, '232410161', '78028224', 'MUHAMAD KAHFI PRATAMA', 466, 'Laki-laki'),
(3683, '232410229', '78416942', 'MUHAMMAD ADHAM SETYA FATURRAHMAN', 466, 'Laki-laki'),
(3684, '232410130', '73267126', 'NABILA PUTRI FUADAH', 466, 'Perempuan'),
(3685, '232410203', '87887267', 'NITA MARCHIA ANGGELICA S', 466, 'Perempuan'),
(3686, '232410275', '83800177', 'PANDJI RANGGA BUANA', 466, 'Laki-laki'),
(3687, '232410136', '78824940', 'RIFAN CANIAGO', 466, 'Laki-laki'),
(3688, '232410207', '76400564', 'RIKI RADIAN RAMADHAN', 466, 'Laki-laki'),
(3689, '232410209', '73184952', 'RIRIN NURAKMALIAH', 466, 'Perempuan'),
(3690, '232410279', '89730508', 'SADRAKH LUTHER HAMONANGAN MANULLANG', 466, 'Laki-laki'),
(3691, '232410241', '83011478', 'SALMAN AL-FARISY', 466, 'Laki-laki'),
(3692, '232410138', '76971889', 'SANTI OKTAVIYANI', 466, 'Perempuan'),
(3693, '232410282', '72714540', 'SITI AINUN NURAISYAH', 466, 'Perempuan'),
(3694, '232410283', '89300523', 'SITI PADILAH', 466, 'Perempuan'),
(3695, '232410247', '73698403', 'ZAHIRA TIARA LESMANA', 466, 'Perempuan'),
(3696, '232410038', '88084323', 'AHMAD NASRULLOH', 467, 'Laki-laki'),
(3697, '232410110', '81395355', 'ALDO ARDIANSYAH', 467, 'Laki-laki'),
(3698, '232410286', '76867017', 'ARLIN DEVITA APRILIA', 467, 'Perempuan'),
(3699, '232410041', '86182578', 'BUNGA APRILIA LESTARI', 467, 'Perempuan'),
(3700, '232410118', '86868075', 'FAKHRI ZAKARIYA', 467, 'Laki-laki'),
(3701, '232410046', '76267450', 'FARELIA SEPTI REVALINA', 467, 'Perempuan'),
(3702, '232410119', '78498076', 'FARIZ RADHIYYA DZULFIQAR', 467, 'Laki-laki'),
(3703, '232410295', '86442986', 'FARREL IRHAM GHULAMA', 467, 'Laki-laki'),
(3704, '232410120', '75823058', 'FIANDRA ZIA NOVIANTI', 467, 'Perempuan'),
(3705, '232410011', '82855808', 'HUMAIRA JANUAR ESTIANTI', 467, 'Perempuan'),
(3706, '232410085', '84731134', 'JAVA GONA PANGESTU', 467, 'Laki-laki'),
(3707, '232410048', '86392126', 'JULIA ANGGRAENI', 467, 'Perempuan'),
(3708, '232410265', '76021052', 'KAYLA NUR FALAH', 467, 'Perempuan'),
(3709, '232410086', '79196333', 'KESHIA ANESKA ABIGAIL B.', 467, 'Perempuan'),
(3710, '232410192', '71472434', 'KHANZA NAZWA NURFADILLAH', 467, 'Perempuan'),
(3711, '232410050', '88302908', 'KIRANIA APRIYANTI RUKMANA', 467, 'Perempuan'),
(3712, '232410054', '88010643', 'MUHAMAD AQBAR SYARIFUDIN', 467, 'Laki-laki'),
(3713, '232410087', '73286917', 'MUHAMAD VERDA PUTRA GUNAWAN', 467, 'Laki-laki'),
(3714, '232410308', '87087119', 'MUHAMMAD ASYHAD MUNAWWIR', 467, 'Laki-laki'),
(3715, '232410057', '81155796', 'NANCA NADIRA PRAMESTI', 467, 'Perempuan'),
(3716, '232410058', '77765595', 'NASUTION, HIZKIA SHARON', 467, 'Laki-laki'),
(3717, '232410059', '83920427', 'NAZWAR MUHAMMAD FAHRI', 467, 'Laki-laki'),
(3718, '232410131', '74881700', 'NOVALINA MARDIANTI', 467, 'Perempuan'),
(3719, '232410312', '77088685', 'PUTRA SETIAWAN', 467, 'Laki-laki'),
(3720, '232410060', '76809904', 'RADHITIA REZA PUTRA KURNIAWAN', 467, 'Laki-laki'),
(3721, '232410314', '74827328', 'RADO ABDILLAH', 467, 'Laki-laki'),
(3722, '232410094', '85877445', 'RAISYA FADILLA', 467, 'Perempuan'),
(3723, '232410133', '81430834', 'RAISYA KUSUMA ZAHRA', 467, 'Perempuan'),
(3724, '232410098', '86207271', 'RIZKIA DWI ANDINI', 467, 'Perempuan'),
(3725, '232410026', '71265082', 'RIZKY DARMAWAN', 467, 'Laki-laki'),
(3726, '232410350', '83800144', 'SAFINATUN NAJA', 467, 'Perempuan'),
(3727, '232410139', '89650537', 'SITI MAHARANI NURSYAHIDAH', 467, 'Perempuan'),
(3728, '232410068', '77878880', 'TAUFIK HIDAYAT', 467, 'Laki-laki'),
(3729, '232410105', '83530858', 'YASMIN KHAIRUNNISA AL MALISI', 467, 'Perempuan'),
(3730, '232410035', '72509672', 'YUDA PRATAMA RISKI USMAN', 467, 'Laki-laki'),
(3731, '232410143', '71115459', 'ZALICA SHAYNAKAYLA RAMADHANATHYA', 467, 'Perempuan'),
(3732, '232410179', '88343498', 'ANISSA DWI ANJANI', 468, 'Perempuan'),
(3733, '232410180', '74598490', 'ANNISA NUR FAUZIAH', 468, 'Perempuan'),
(3734, '232410287', '85624311', 'ATHYA RAYYANA RAYHANUN', 468, 'Perempuan'),
(3735, '232410252', '73923273', 'AULIA SYAFIRA NUR SYAWALNI', 468, 'Perempuan'),
(3736, '232410288', '81263588', 'AZHIRA KHAUFA SYAHLAFAYZA', 468, 'Perempuan'),
(3737, '232410148', '76108652', 'BILLY SATRIA ANANDA', 468, 'Laki-laki'),
(3738, '232410256', '79285941', 'CANDRA SUPRIATNA', 468, 'Laki-laki'),
(3739, '232410257', '83166735', 'CHICHI ALFAMEGA TRI JASUMA', 468, 'Perempuan'),
(3740, '232410258', '88662929', 'DAVU TYAGA RAVANELLI', 468, 'Laki-laki'),
(3741, '232410185', '79212194', 'DIARRA AURELIA RAHMA', 468, 'Perempuan'),
(3742, '232410150', '74835370', 'DIMAS CANDRA AINURRAHMAN', 468, 'Laki-laki'),
(3743, '232410189', '78522203', 'FEISAL ABU SHALIH', 468, 'Laki-laki'),
(3744, '232410190', '82349091', 'HELIA KHOIRUNISA SASIKIRANA', 468, 'Perempuan'),
(3745, '232410263', '85095425', 'IMAS NURAENI', 468, 'Perempuan'),
(3746, '232410300', '87247188', 'INGE ROOSDELLA SAMPRADITYA', 468, 'Perempuan'),
(3747, '232410331', '83597756', 'ISHVARATANA SAUCHA', 468, 'Perempuan'),
(3748, '232410191', '89640591', 'KEISHA SAIRA RAHMADANI', 468, 'Perempuan'),
(3749, '232410193', '83116124', 'KIRANA ALL LUTVYYAH', 468, 'Perempuan'),
(3750, '232410194', '85306675', 'MANDA MAULIDA SUTISNA', 468, 'Perempuan'),
(3751, '232410302', '75550541', 'MELODIANA SHERIL AULIA', 468, 'Perempuan'),
(3752, '232410195', '3073018166', 'MUHAMAD ARBI WARGADINATA', 468, 'Laki-laki'),
(3753, '232410267', '81013300', 'MISCA ZAHRATUSSYITA', 468, 'Perempuan'),
(3754, '232410309', '72996060', 'MUHAMMAD FAHRI AKBAR', 468, 'Laki-laki'),
(3755, '232410310', '76665485', 'NADIN FAUZIYAH HANIFAH', 468, 'Perempuan'),
(3756, '232410235', '77326584', 'NAZWA LUVENA ASROMY', 468, 'Perempuan'),
(3757, '232410271', '71503564', 'NESYA DEVITA NURYULITA', 468, 'Perempuan'),
(3758, '232410236', '84290437', 'NISA AZRA KUSUMAH', 468, 'Perempuan'),
(3759, '232410273', '78670386', 'NURUL YASMIN FAHIRA', 468, 'Perempuan'),
(3760, '232410204', '76079852', 'OLA FIKRIE AKHMAD', 468, 'Perempuan'),
(3761, '232410237', '79950046', 'PALAH ALFARIDZY', 468, 'Laki-laki'),
(3762, '232410206', '82739919', 'RHIMANDA NATAYA YOSADI', 468, 'Perempuan'),
(3763, '232410278', '74767858', 'RIFHANI TSALSA SABILAH', 468, 'Perempuan'),
(3764, '232410318', '75388341', 'SILVA VITA NUR AZIZAH', 468, 'Perempuan'),
(3765, '232410211', '82842851', 'SINDI JULIANTI', 468, 'Perempuan'),
(3766, '232410174', '71668699', 'TANIA DIFA RAMADANI', 468, 'Perempuan'),
(3767, '232410176', '89184134', 'WAQAR HABIBIE KAMIL', 468, 'Laki-laki'),
(3768, '232410111', '89369376', 'ALIYA NUR HASANAH', 469, 'Perempuan'),
(3769, '232410039', '74489860', 'ALYA NUR AENI', 469, 'Perempuan'),
(3770, '242511360', '83503978', 'ANGELA NAOMI', 469, 'Perempuan'),
(3771, '232410182', '71633278', 'ARSYA RAIHAN SAPUTRA', 469, 'Laki-laki'),
(3772, '232410183', '79233810', 'AZIKRA FAJRIANSYAH', 469, 'Laki-laki'),
(3773, '232410289', '78522608', 'AZRYL FADILAH', 469, 'Laki-laki'),
(3774, '232410325', '87813268', 'BINTANG QEYZAR DAVILA', 469, 'Laki-laki'),
(3775, '232410003', '71640765', 'CHAYLLA AYU FRATIWI', 469, 'Perempuan'),
(3776, '232410329', '71190930', 'DONA OKTAVIA', 469, 'Perempuan'),
(3777, '232410117', '62330948', 'FAHMI GUNAWAN', 469, 'Laki-laki'),
(3778, '232410188', '85687334', 'FEBRIYANTI', 469, 'Perempuan'),
(3779, '232410084', '85015530', 'IKE NUR APRILLIANI', 469, 'Perempuan'),
(3780, '232410154', '85927654', 'IRNA MUTIARA', 469, 'Perempuan'),
(3781, '232410126', '76775990', 'MUHAMAD FARIZ AL BAIHAQI', 469, 'Laki-laki'),
(3782, '232410164', '78752525', 'MUHAMMAD ABDUL FATHIR ARRODHU', 469, 'Laki-laki'),
(3783, '232410196', '76549579', 'MUHAMMAD ADLY RAFAELL', 469, 'Laki-laki'),
(3784, '232410230', '76211696', 'MUHAMMAD ALFAN ZAKY', 469, 'Laki-laki'),
(3785, '232410201', '75786702', 'NAUFAL ERGI RAMADHAN', 469, 'Laki-laki'),
(3786, '232410092', '79899606', 'NESYA ASIFA TILLAH', 469, 'Perempuan'),
(3787, '232410272', '73877057', 'NISMA MARSYA KALILAH', 469, 'Perempuan'),
(3788, '232410132', '82234807', 'RAHASTRI ARDIAN MAHAREZA', 469, 'Perempuan'),
(3789, '232410169', '88305383', 'RAIHANA MARSYA DZAKIRA', 469, 'Perempuan'),
(3790, '232410093', '88963152', 'RAISA ALIFIA PUTRI', 469, 'Perempuan'),
(3791, '232410315', '82882492', 'RAISYA MUTYA PUTRI', 469, 'Perempuan'),
(3792, '232410134', '72722365', 'RAJENDRA ADITHYA ABDULLAH', 469, 'Laki-laki'),
(3793, '232410096', '76151215', 'REZA ADITIA PRATAMA MAULID', 469, 'Laki-laki'),
(3794, '232410172', '79293677', 'RIFFA SOFYAN', 469, 'Laki-laki'),
(3795, '232410099', '85792804', 'SALMA AULIA ZAHRA', 469, 'Perempuan'),
(3796, '232410101', '75151122', 'SATRIA RAMADANI', 469, 'Laki-laki'),
(3797, '232410066', '73785653', 'SINTYA RAMADHANI', 469, 'Perempuan'),
(3798, '232410140', '83380571', 'SITI QORINATUL BADIAH', 469, 'Perempuan'),
(3799, '232410319', '76907965', 'SITI YULIANA CHOERUNISA', 469, 'Perempuan'),
(3800, '232410320', '87007152', 'SULAEMAN NUGRAHA', 469, 'Laki-laki'),
(3801, '232410246', '88724362', 'TALITA AGNIYA SAKINAH', 469, 'Perempuan'),
(3802, '232410175', '76640570', 'VIRNA ALIPIA DESTIANTI', 469, 'Perempuan'),
(3803, '232410108', '3085971038', 'AHMAD FAJAR AL QOWI', 470, 'Laki-laki'),
(3804, '232410144', '81403546', 'ANISA APUTRI SUKAMI', 470, 'Perempuan'),
(3805, '232410146', '82832215', 'ARI YUDHA PRATAMA', 470, 'Laki-laki'),
(3806, '232410114', '73204200', 'AULIA WULAN RAMADHANI', 470, 'Perempuan'),
(3807, '232410077', '82851079', 'AYESHA PUTRI NAYYARA', 470, 'Perempuan'),
(3808, '232410184', '73446146', 'BILQIS AZIZAH PANGESTU', 470, 'Perempuan'),
(3809, '232410078', '82852830', 'BUNGA LESTARI ANJANI', 470, 'Perempuan'),
(3810, '232410291', '75513027', 'CANTIKA SUCI PRATIWI', 470, 'Perempuan'),
(3811, '232410079', '73182956', 'CHYNTYA LAURA', 470, 'Perempuan'),
(3812, '232410081', '76548669', 'DHINI NATALIA PUTRI', 470, 'Perempuan'),
(3813, '232410116', '86509921', 'DILYA FAUZIAH', 470, 'Perempuan'),
(3814, '232410045', '78104510', 'EKA AGISTIAN', 470, 'Laki-laki'),
(3815, '232410047', '78725211', 'FRESTA GLADYS ANGGELINA', 470, 'Perempuan'),
(3816, '232410013', '76061427', 'JULIA SALSABILA', 470, 'Perempuan'),
(3817, '232410123', '75658072', 'KARINA RAYSA RIZQIA PARAMITHA', 470, 'Perempuan'),
(3818, '232410124', '77682919', 'KEYLA APRIANI', 470, 'Perempuan'),
(3819, '232410334', '73634601', 'MARSYA AULIA JAMIL', 470, 'Perempuan'),
(3820, '232410052', '76091409', 'MICHAEL POROTUA SIREGAR', 470, 'Laki-laki'),
(3821, '232410127', '65238224', 'MUHAMAD ZAKY NOERIES AL-FAARIS', 470, 'Laki-laki'),
(3822, '232410128', '82913337', 'MUHAMMAD AZMI SETYA', 470, 'Laki-laki'),
(3823, '232410088', '74561614', 'MUHAMMAD HAYDAR RAFA', 470, 'Laki-laki'),
(3824, '232410342', '78440184', 'MUHAMMAD JULIANSA ZAUHARI', 470, 'Laki-laki'),
(3825, '232410167', '83210057', 'NADYNE AZMI AZ ZAHRA KHOIRUNNIDA HIDAYAT', 470, 'Perempuan'),
(3826, '232410095', '84140181', 'RANGGA NADI FIRMANSYAH', 470, 'Laki-laki'),
(3827, '232410347', '84285939', 'RAUDHIA KHARIDA FIRMANSYAH', 470, 'Perempuan'),
(3828, '232410135', '74027986', 'RENDY NOVALDI', 470, 'Laki-laki'),
(3829, '232410025', '72050574', 'RICHARD ADITYA', 470, 'Laki-laki'),
(3830, '232410097', '71158221', 'RIDHO FAUZAN FADIL', 470, 'Laki-laki'),
(3831, '232410137', '82128794', 'RISFA KHANSA FAUZIAH', 470, 'Perempuan'),
(3832, '232410102', '78180931', 'SITI HANIFAH ALYA PERMANA', 470, 'Perempuan'),
(3833, '232410141', '71440622', 'TEGAR MUHAMAD', 470, 'Laki-laki'),
(3834, '232410103', '75790920', 'TRIAJI PRIHANDANA', 470, 'Laki-laki'),
(3835, '232410104', '84421391', 'WIWIN ARIYANTI', 470, 'Perempuan'),
(3836, '232410106', '3070185728', 'ZAKIYAH NAJWA', 470, 'Perempuan'),
(3837, '232410142', '87860315', 'ZALFA NAURA PEBRYANTI', 470, 'Perempuan'),
(3838, '232410107', '74166110', 'ZHAFA AINUN PURNAMA', 470, 'Laki-laki'),
(3839, '232410072', '72687811', 'ADISTA BUNGA KRISTARI', 471, 'Perempuan'),
(3840, '232410285', '83087980', 'ALI PRABU IRFANSYAH', 471, 'Laki-laki'),
(3841, '232410112', '71942521', 'ALTHAF KAYSAN ATTALLAH', 471, 'Laki-laki'),
(3842, '232410323', '75684225', 'AZ ZAHRA MEYCA', 471, 'Perempuan'),
(3843, '232410254', '82629425', 'BILAL GHAZY ALGHIFARI', 471, 'Laki-laki'),
(3844, '232410255', '64785941', 'BIMA FAAZA', 471, 'Laki-laki'),
(3845, '232410149', '88329196', 'CHICHA AL ZAHRA TRI JASUMA', 471, 'Perempuan'),
(3846, '232410151', '81619946', 'EVELIN EKSLESIA', 471, 'Perempuan'),
(3847, '232410357', '83420857', 'FAHRI PUTRA MAYUNDRA', 471, 'Perempuan'),
(3848, '232410152', '74498997', 'FAREL GOESAERI', 471, 'Laki-laki');
INSERT INTO `siswa` (`id`, `nis`, `nisn`, `nama`, `kelas_id`, `jenis_kelamin`) VALUES
(3849, '232410296', '83841888', 'FAZA RIDWAN SUPRIATNA', 471, 'Laki-laki'),
(3850, '232410259', '71637449', 'FAZAR SAEPULLOH', 471, 'Laki-laki'),
(3851, '232410261', '77589152', 'GILANG PRATAMA', 471, 'Laki-laki'),
(3852, '232410010', '82090838', 'HERLAMBANG WIJAYA KUSUMA NAINGGOLAN', 471, 'Laki-laki'),
(3853, '232410298', '81605871', 'IFHAM HUDALLOH', 471, 'Laki-laki'),
(3854, '232410156', '75949671', 'KEYSHA RISMA ASYILA', 471, 'Perempuan'),
(3855, '232410226', '87670953', 'KHALISA SALSABILA', 471, 'Perempuan'),
(3856, '232410266', '82046441', 'MARSYA ANANDYTA THRIANI', 471, 'Perempuan'),
(3857, '232410303', '78315548', 'MILAD JIBRAN ISAM', 471, 'Laki-laki'),
(3858, '232410305', '75461039', 'MOCHAMMAD SATRIA WIRA KUSUMAH', 471, 'Laki-laki'),
(3859, '232410162', '84368102', 'MUHAMAD RADIT PRATAMA', 471, 'Laki-laki'),
(3860, '232410163', '77838746', 'MUHAMAD RASYA HERMAWAN', 471, 'Laki-laki'),
(3861, '232410268', '86492929', 'MUHAMMAD ARVA GUMILAR', 471, 'Laki-laki'),
(3862, '232410269', '86901305', 'MUHAMMAD FADLY KURNIA', 471, 'Laki-laki'),
(3863, '232410200', '72440494', 'NAJLA NURFAZRILA RAMADHANI', 471, 'Perempuan'),
(3864, '232410168', '72526663', 'NAYLA AMELIA PUTRI', 471, 'Perempuan'),
(3865, '232410202', '79891382', 'NIA RAMADANI', 471, 'Perempuan'),
(3866, '232410276', '76665524', 'QEISYA MILAN', 471, 'Perempuan'),
(3867, '232410171', '78562254', 'REVINA AGNI ESTIANI', 471, 'Perempuan'),
(3868, '232410210', '82624274', 'SALMA KHAIRUNNISA', 471, 'Perempuan'),
(3869, '232410280', '77940092', 'SAMOZA DWI CANDRIKA SAFITRI', 471, 'Perempuan'),
(3870, '232410281', '73998796', 'SATRIA ALMUGHNIANSYAH', 471, 'Laki-laki'),
(3871, '232410173', '72413657', 'SHANY AMALIA', 471, 'Perempuan'),
(3872, '232410244', '73422412', 'SHEVINA NASYA ARIA PUTRI', 471, 'Perempuan'),
(3873, '232410177', '79345354', 'WINDA SAVITRI ANATASYA', 471, 'Perempuan'),
(3874, '232410248', '61856848', 'ZAHRA AULIYA PUTRI', 471, 'Perempuan'),
(3875, '232410178', '72306320', 'ALHAFIZH RIZKY RAMADHAN', 472, 'Laki-laki'),
(3876, '232410076', '3067727094', 'ALYA SITI SYALWA', 472, 'Perempuan'),
(3877, '242511361', '75813043', 'ANITA SITI JULIANI', 472, 'Perempuan'),
(3878, '232410145', '81512386', 'AQILA TSAMRA SHOLIH', 472, 'Laki-laki'),
(3879, '232410324', '83973931', 'BELLA ALVIONITHA', 472, 'Perempuan'),
(3880, '242511359', '71546410', 'BUDIATI PURWANINGTYAS', 472, 'Perempuan'),
(3881, '232410044', '74026874', 'DANES NATA PUTRA', 472, 'Laki-laki'),
(3882, '232410328', '78453758', 'DIMAS AL QISWAH', 472, 'Laki-laki'),
(3883, '232410006', '72534258', 'DISTI FALIDIA', 472, 'Perempuan'),
(3884, '232410187', '81664338', 'FARREL FEBRIANTO WIJAYA', 472, 'Laki-laki'),
(3885, '232410223', '85953941', 'FATAN DHAFIN RAHARJO', 472, 'Laki-laki'),
(3886, '232410083', '84885339', 'GRACE ANISA PUTRI SIAHAAN', 472, 'Perempuan'),
(3887, '232410009', '73790093', 'HAIKAL ADITYA PRATAMA', 472, 'Laki-laki'),
(3888, '232410157', '83730892', 'LOVINA SARAH AZALIA', 472, 'Perempuan'),
(3889, '242511363', '64938719', 'MAYLIANI SIDIK', 472, 'Perempuan'),
(3890, '232410336', '85134813', 'MOCHAMAD ARIEF FADILAH', 472, 'Laki-laki'),
(3891, '232410341', '85119263', 'MUHAMMAD FAIRUZ ALFARIZI', 472, 'Laki-laki'),
(3892, '232410165', '87691690', 'MUHAMMAD FAJAR WIRAWAN AS SIDDIQ', 472, 'Laki-laki'),
(3893, '232410198', '74748860', 'MUHAMMAD IRHAM HERDIANSYAH', 472, 'Laki-laki'),
(3894, '232410129', '74698547', 'MUHAMMAD RIZKY BAGJA NUGRAHA', 472, 'Laki-laki'),
(3895, '232410166', '76820031', 'MUHAMMAD TRISTAN RASYA SYAFRIDINATA', 472, 'Laki-laki'),
(3896, '232410234', '74663838', 'MUTIA EKA PUTRI RAMADANI', 472, 'Perempuan'),
(3897, '232410199', '72455353', 'NABIL MALIQHAL MULKHI', 472, 'Laki-laki'),
(3898, '232410091', '77308441', 'NABILA PUTRI LESTARI', 472, 'Perempuan'),
(3899, '232410270', '87545689', 'NAHKA PUTRI KAYLA', 472, 'Perempuan'),
(3900, '232410205', '83429210', 'RAHMA PUTRI', 472, 'Perempuan'),
(3901, '232410346', '76090201', 'RASYA REIFAN HADIANSYAH', 472, 'Laki-laki'),
(3902, '232410024', '87649361', 'REHAN RADITIA FERNANDA', 472, 'Laki-laki'),
(3903, '232410348', '81964933', 'REYSHA KHUMAIRA', 472, 'Perempuan'),
(3904, '232410208', '85030102', 'RINA GUNAWAN', 472, 'Perempuan'),
(3905, '232410349', '72739131', 'RISKA YULIANTI', 472, 'Perempuan'),
(3906, '232410063', '72438319', 'RIZKI SAPUTRA', 472, 'Laki-laki'),
(3907, '232410240', '79773243', 'RUNA AKMALIA FAZRIN', 472, 'Perempuan'),
(3908, '232410100', '75725451', 'SALSABILA AGUSTINA', 472, 'Perempuan'),
(3909, '232410028', '79312524', 'SATRIA SAKTI', 472, 'Laki-laki'),
(3910, '232410354', '89164388', 'SILFIA AVIATUN NISA', 472, 'Perempuan'),
(3911, '232410109', '71400920', 'AINI YUNIARTI', 473, 'Perempuan'),
(3912, '232410214', '71594810', 'AIRINITA NUR RIZKI', 473, 'Perempuan'),
(3913, '232410215', '85476949', 'AJI SAHRONI', 473, 'Laki-laki'),
(3914, '232410216', '86068516', 'ANJANI CITRA WULAN', 473, 'Perempuan'),
(3915, '232410217', '84931189', 'ANNIDA NURAFIFAH', 473, 'Perempuan'),
(3916, '232410218', '78104025', 'ARFI IRLIANA', 473, 'Perempuan'),
(3917, '232410290', '76588244', 'CAESARIO ANUGRAH PUTRA', 473, 'Laki-laki'),
(3918, '232410043', '83757057', 'CHELSEA AGNESIA ARIPIN', 473, 'Perempuan'),
(3919, '232410292', '73480823', 'DANI ARDIANSYAH', 473, 'Laki-laki'),
(3920, '232410293', '89090715', 'DHIAZ ANGGI ROHMATULLAH', 473, 'Laki-laki'),
(3921, '232410294', '71194927', 'FARAHDILLA NAJWA SULHA', 473, 'Perempuan'),
(3922, '232410297', '84040768', 'GHEA NUR FATIMAH', 473, 'Perempuan'),
(3923, '232410299', '81041446', 'INESYA PUTRI REGITANIA', 473, 'Perempuan'),
(3924, '232410301', '87547261', 'KARLINA DEFIANA APRILIANTI', 473, 'Perempuan'),
(3925, '232410227', '87456761', 'LAILYA KHAIRUNISYA', 473, 'Perempuan'),
(3926, '232410306', '76219325', 'MOHAMAD RASYA HAIQAL SISWONO', 473, 'Laki-laki'),
(3927, '232410307', '71218884', 'MUHAMAD RAFLI KURNIAWAN', 473, 'Laki-laki'),
(3928, '232410231', '81379956', 'MUHAMMAD DAFI GHIFARI', 473, 'Laki-laki'),
(3929, '232410017', '76276987', 'MUHAMMAD HANIF FARAS PUTRA', 473, 'Laki-laki'),
(3930, '232410232', '78774435', 'MUHAMMAD NIZAR FADILLA', 473, 'Laki-laki'),
(3931, '232410311', '89918931', 'NALFIYA HALWA GRINALDIE', 473, 'Perempuan'),
(3932, '232410274', '87091759', 'OFEL YOHSE SIMBOLON', 473, 'Laki-laki'),
(3933, '232410313', '81519860', 'QISTHI FIRYAAL', 473, 'Perempuan'),
(3934, '232410238', '86722224', 'RABBANI SUTANTRA RAHMAN', 473, 'Laki-laki'),
(3935, '232410277', '83851903', 'RAIYA AYU SEPTIANDI', 473, 'Perempuan'),
(3936, '232410239', '81215069', 'RISA APRILIA', 473, 'Perempuan'),
(3937, '232410316', '82220322', 'RISDA JANIAR TAMSIRIN', 473, 'Perempuan'),
(3938, '232410317', '74086979', 'RISKA DEWI MANDASARI', 473, 'Perempuan'),
(3939, '232410242', '88502533', 'SALMAN ALFARISH', 473, 'Laki-laki'),
(3940, '232410243', '78891362', 'SANNY ADRIANI RAMADANI', 473, 'Perempuan'),
(3941, '232410245', '87933652', 'SINTA LAORA', 473, 'Perempuan'),
(3942, '232410284', '75065188', 'VARSHA HADI PRATAMA', 473, 'Laki-laki'),
(3943, '252610001', '0093563232', 'ADELIA ANANDA PUTRI', 476, 'Perempuan'),
(3944, '252610002', '0091424360', 'AIRA NAURAH ZAIDA', 476, 'Perempuan'),
(3945, '252610003', '0098216101', 'AKHDAM MAULANA RIZKY', 476, 'Laki-laki'),
(3946, '252610004', '0094405844', 'ALFIKRI SURYA AYUBI', 476, 'Laki-laki'),
(3947, '252610005', '0104606607', 'ALIF RAFKA WIJAYA', 476, 'Laki-laki'),
(3948, '252610006', '0095446594', 'ALVINS SONJAYA ALBAR', 476, 'Laki-laki'),
(3949, '252610007', '0095121325', 'AMALIYA SITI MABRURROH', 476, 'Perempuan'),
(3950, '252610008', '0097581098', 'ANNISA HIDAYANTI', 476, 'Perempuan'),
(3951, '252610009', '0107672332', 'AURELL SHABILA JAYNAPUTRI', 476, 'Perempuan'),
(3952, '252610010', '0098239827', 'AZKA MAYLA KHANSA', 476, 'Perempuan'),
(3953, '252610011', '0091095712', 'AZWAR AUFA HARDIANSYAH', 476, 'Laki-laki'),
(3954, '252610012', '0102789907', 'AZZIRA SYIFA SUPANGAT', 476, 'Perempuan'),
(3955, '252610013', '0097604287', 'CHEISYA YOLLANDA PUTRI AZKIA', 476, 'Perempuan'),
(3956, '252610014', '0102493202', 'DAVINA ADHYA KHAIRUNNISA', 476, 'Perempuan'),
(3957, '252610015', '0095180836', 'DEPSA EKA NUGRAHA', 476, 'Laki-laki'),
(3958, '252610016', '0092909295', 'FELLISA PUTRIANI', 476, 'Perempuan'),
(3959, '252610017', '0109789387', 'FIRAS ILMI CAHYADIN', 476, 'Perempuan'),
(3960, '252610018', '0098559297', 'GAZZA AKBAR', 476, 'Laki-laki'),
(3961, '252610019', '0104965756', 'GIO GUCFA AL HAQKI', 476, 'Laki-laki'),
(3962, '252610020', '0095325840', 'HASAN MAULANA', 476, 'Laki-laki'),
(3963, '252610021', '0093049968', 'ICHA KAHERUNNISA', 476, 'Perempuan'),
(3964, '252610022', '3097211597', 'KANZA BERLIANA', 476, 'Perempuan'),
(3965, '252610023', '0091260792', 'KEYLA OKTAVIANI ERYAN PUTRI', 476, 'Perempuan'),
(3966, '252610024', '0096096984', 'KHOIRUNNISA', 476, 'Perempuan'),
(3967, '252610025', '0096890249', 'KIFA AGUSTINA AZ-ZAHRA', 476, 'Perempuan'),
(3968, '252610026', '0094628236', 'LUTHFI FAUZAN PRAYATA', 476, 'Laki-laki'),
(3969, '252610027', '0106017855', 'MASAGUS MUHAMAD HANIF ATHALLAH', 476, 'Laki-laki'),
(3970, '252610028', '0093582245', 'MUHAMMAD DESTA DAVITRAH PUTRA NUGRAHA', 476, 'Laki-laki'),
(3971, '252610029', '0106272994', 'MUHAMMAD FAHRI ABDUL HADI', 476, 'Laki-laki'),
(3972, '252610030', '0097596437', 'MUHAMMAD RAKA IMANSYAH', 476, 'Laki-laki'),
(3973, '252610031', '0102060663', 'MUHAMMAD RAZVAN PUTRA DENA', 476, 'Laki-laki'),
(3974, '252610032', '0109875071', 'NABIL MUKARROM', 476, 'Laki-laki'),
(3975, '252610033', '0094465082', 'NADITA PRATIWI', 476, 'Perempuan'),
(3976, '252610034', '0108682068', 'NADZIFA ZIVANA LETISYA', 476, 'Perempuan'),
(3977, '252610035', '0102638303', 'NAYLA ZULFA SAPHIRA', 476, 'Perempuan'),
(3978, '252610036', '0093078194', 'PUTRI KHOIRUN NISA', 476, 'Perempuan'),
(3979, '252610037', '0093687829', 'RADITYA FACHREZA', 476, 'Laki-laki'),
(3980, '252610038', '0103004404', 'RAFI AHMAD BASIL IBNI MAULUDI', 476, 'Laki-laki'),
(3981, '252610039', '0093618654', 'RAISSA OKTAHAVIAN STEPANI', 476, 'Laki-laki'),
(3982, '252610040', '0098639858', 'RAYNA KHANSA\'A YASNISA', 476, 'Perempuan'),
(3983, '252610041', '0098266032', 'REGINA MELIANI PUTRI', 476, 'Perempuan'),
(3984, '252610042', '0093283561', 'RESTINA SITI MARIYAM', 476, 'Perempuan'),
(3985, '252610043', '0097293475', 'RIKA AMELIA JAELANI', 476, 'Perempuan'),
(3986, '252610044', '3099406088', 'SENDY ANDYKA PURNAMA', 476, 'Laki-laki'),
(3987, '252610045', '0102934008', 'SHOPIA KHAIRUNISA', 476, 'Perempuan'),
(3988, '252610046', '0096817934', 'SILFA SULIASTI NURUL HIJJAH', 476, 'Perempuan'),
(3989, '252610047', '3090259322', 'SYAFA FITRIANI', 476, 'Perempuan'),
(3990, '252610048', '0096080554', 'ULFI FAUZIAH AZKIAH', 476, 'Perempuan'),
(3991, '252610049', '0102013454', 'AGHNIYA NURUL AENI', 477, 'Perempuan'),
(3992, '252610050', '0093890203', 'ALIF KHOLIFAH KHOIRUN NISA', 477, 'Perempuan'),
(3993, '252610051', '0092320462', 'ANUGRAH ROLAS MARTUA MANALU', 477, 'Laki-laki'),
(3994, '252610052', '0094702205', 'ARGA DEVRIKA HUSAENI', 477, 'Laki-laki'),
(3995, '252610053', '0098240286', 'ASHILA MARSA AULIA', 477, 'Perempuan'),
(3996, '252610054', '0096630461', 'AYESSHA PUTRI RINALDI', 477, 'Perempuan'),
(3997, '252610055', '0095113644', 'BELLA ANASTASYA HENDRYANI', 477, 'Perempuan'),
(3998, '252610056', '0099517775', 'BERLI', 477, 'Laki-laki'),
(3999, '252610057', '0099418434', 'CUT KEYLA KITAMI', 477, 'Perempuan'),
(4000, '252610058', '0106582840', 'DAVINA ARDIA ANASTASYA PUTRI', 477, 'Perempuan'),
(4001, '252610059', '0092251221', 'DEA SEPTIANI', 477, 'Perempuan'),
(4002, '252610060', '0099957477', 'DEVIN RIZKY SETIYO PRANOTO', 477, 'Laki-laki'),
(4003, '252610061', '0109066312', 'FADIL FADILAH', 477, 'Laki-laki'),
(4004, '252610062', '0095321713', 'FRISCA CECILIA', 477, 'Perempuan'),
(4005, '252610063', '0106561979', 'GABRIELA FUNNY TAMBUNAN', 477, 'Perempuan'),
(4006, '252610064', '0104553910', 'GIO RAY ANDHIKA ANWAR', 477, 'Laki-laki'),
(4007, '252610065', '0095257514', 'HABIB RISKI AL BHANI', 477, 'Laki-laki'),
(4008, '252610066', '0097147868', 'IKHSAN NUR SALEH', 477, 'Laki-laki'),
(4009, '252610067', '0094086248', 'IKRAM GIBRAN DZIAULHAQ', 477, 'Laki-laki'),
(4010, '252610068', '0104612361', 'IREN SYAFITRI', 477, 'Perempuan'),
(4011, '252610069', '0093546032', 'LAILA FITRIA', 477, 'Perempuan'),
(4012, '252610070', '0101777497', 'MEIKAL PUTRA BANI PERDANA', 477, 'Laki-laki'),
(4013, '252610071', '0104986863', 'MOHAMAD ARIF NURROHMAN', 477, 'Laki-laki'),
(4014, '252610072', '0096457486', 'MUHAMMAD DHAFIN AR RAZI', 477, 'Laki-laki'),
(4015, '252610073', '0099964275', 'MUHAMMAD RAIHAN', 477, 'Laki-laki'),
(4016, '252610074', '3096412917', 'MUHAMMAD REZA ABDILLAH', 477, 'Laki-laki'),
(4017, '252610075', '0097960712', 'NABILA MUFIDA WIBOWO', 477, 'Perempuan'),
(4018, '252610076', '0093285040', 'NABILLA PUTRI RAHAYU', 477, 'Perempuan'),
(4019, '252610077', '0104093360', 'NADIVA NURUL ASYIFA', 477, 'Perempuan'),
(4020, '252610078', '0106946745', 'NAFA HANIFAH FEBRIANI', 477, 'Perempuan'),
(4021, '252610079', '0104433358', 'NANDA SHAFA KIRANA', 477, 'Perempuan'),
(4022, '252610080', '0093682099', 'NAZWA AULIA SALSABILA', 477, 'Perempuan'),
(4023, '252610081', '0096301062', 'NUR FADILLAH', 477, 'Perempuan'),
(4024, '252610082', '0106409372', 'NURRAKHMANITA AZZAHRA', 477, 'Perempuan'),
(4025, '252610083', '0092199743', 'QEANO OKTAVIA SWARANANDA', 477, 'Laki-laki'),
(4026, '252610084', '3098727235', 'QIARA PUTRI AZURA', 477, 'Perempuan'),
(4027, '252610085', '0097514805', 'RAFLI ABDUL MAULANA', 477, 'Laki-laki'),
(4028, '252610086', '0096988018', 'RANGGA DWI KURNIYANTO', 477, 'Laki-laki'),
(4029, '252610087', '0094538843', 'REIYA AZREL KUNKEYRA', 477, 'Perempuan'),
(4030, '252610088', '0105716730', 'REVINA FEBRIANTI', 477, 'Perempuan'),
(4031, '252610089', '0091512312', 'REYSA NUR\'AENI', 477, 'Perempuan'),
(4032, '252610090', '0097536978', 'RICKY FIRMAN HERDIANSYAH', 477, 'Laki-laki'),
(4033, '252610091', '0109712566', 'RINDU ZIDNI ZAKIA', 477, 'Perempuan'),
(4034, '252610092', '0102506916', 'SAEFUDYN MUHAMMAD AF GHANY', 477, 'Laki-laki'),
(4035, '252610093', '0091521030', 'SHANDY AWALUDIN', 477, 'Laki-laki'),
(4036, '252610094', '0093717009', 'SINTIA NURAINI', 477, 'Perempuan'),
(4037, '252610095', '0093085474', 'SITI MAEMUNAH RAHMADANI', 477, 'Perempuan'),
(4038, '252610096', '0091819121', 'SYAHRINY OKTAVIANI RAHAYU', 477, 'Perempuan'),
(4039, '252610097', '0102533234', 'ADAM RIDHO NUR AKBAR', 478, 'Laki-laki'),
(4040, '252610098', '0095812253', 'ALIIFAH NURSASMITA', 478, 'Perempuan'),
(4041, '252610099', '0103717465', 'ALISHA NATHA MARSELA', 478, 'Perempuan'),
(4042, '252610100', '0103349724', 'ARKAN KHAIRY RAHMAN', 478, 'Laki-laki'),
(4043, '252610101', '0092780358', 'AYU ARIYANTI', 478, 'Perempuan'),
(4044, '252610102', '0106796556', 'CAHAYA SRI MAHADEWI', 478, 'Perempuan'),
(4045, '252610103', '0104430518', 'CALVIN NAIBAHO', 478, 'Laki-laki'),
(4046, '252610104', '0098332774', 'CANDRA SANI ANANDA', 478, 'Laki-laki'),
(4047, '252610105', '0096700921', 'DAANISH SHAZIYA DESTRIAR RAHMAT', 478, 'Laki-laki'),
(4048, '252610106', '3099740259', 'DARA ELVARIA ZULIA', 478, 'Perempuan'),
(4049, '252610107', '3105837808', 'DELLA SITI MUNAZAH MARDIAH', 478, 'Perempuan'),
(4050, '252610108', '0094909590', 'DEVIA ANATASYA', 478, 'Perempuan'),
(4051, '252610109', '0092173922', 'DHAFIN RAZAQA PUTRA', 478, 'Laki-laki'),
(4052, '252610111', '0095959355', 'GHIANDA CETTA DESTRIANTI', 478, 'Perempuan'),
(4053, '252610112', '3104934369', 'GRACE RACHEL', 478, 'Perempuan'),
(4054, '252610113', '0093796158', 'HARTA AL KINDI', 478, 'Laki-laki'),
(4055, '252610114', '0099717769', 'HELGA DESNATALIA ZEGA', 478, 'Perempuan'),
(4056, '252610115', '0105807615', 'ISAIAH KENNETH ONGGELENG', 478, 'Laki-laki'),
(4057, '252610116', '0108284559', 'KAMELIA ARBA INARUS', 478, 'Perempuan'),
(4058, '252610117', '0104062616', 'KEYLA PUTRI APRILIA', 478, 'Perempuan'),
(4059, '252610118', '0107159648', 'LAYLA NUR ANNISAH', 478, 'Perempuan'),
(4060, '252610119', '0098464619', 'MOCHAMAD IRWAN BEARLIANA', 478, 'Laki-laki'),
(4061, '252610120', '0099445241', 'MUHAMAD BAGAS JULIAN FAHREZI', 478, 'Laki-laki'),
(4062, '252610121', '0105108878', 'MUHAMMAD LEVIDHYA KERTYA PRATAMA', 478, 'Laki-laki'),
(4063, '252610122', '0108380586', 'MUHAMMAD NUR GHANI', 478, 'Laki-laki'),
(4064, '252610123', '0095300849', 'MUHAMMAD REZKY SAID PUTRA RAMADHAN', 478, 'Laki-laki'),
(4065, '252610124', '0094789529', 'MUTIARA RAHMADEWI', 478, 'Perempuan'),
(4066, '252610125', '0098911128', 'NAFISAH NAILAL HUSNA', 478, 'Perempuan'),
(4067, '252610126', '0104468091', 'NAILA IKRIMATUN NISA', 478, 'Perempuan'),
(4068, '252610127', '0101695135', 'NATASYA AMELIA PUTRI', 478, 'Perempuan'),
(4069, '252610128', '0099405495', 'NAZWA NUR AMELIA', 478, 'Perempuan'),
(4070, '252610129', '0096265739', 'PUTRA PERMANA SIDIK', 478, 'Laki-laki'),
(4071, '252610130', '0092976783', 'QONITA NAILA HAZNA', 478, 'Perempuan'),
(4072, '252610131', '0091854312', 'RAAFI DWI PRADIPTA', 478, 'Laki-laki'),
(4073, '252610132', '0093910542', 'RASYA PRIATNA PUTRA', 478, 'Laki-laki'),
(4074, '252610133', '0109568036', 'REYHAN FAJAR JUNIAN', 478, 'Laki-laki'),
(4075, '252610134', '0104732085', 'REZQI NURASSYIFA RAMADHANI', 478, 'Perempuan'),
(4076, '252610135', '0107321707', 'RIFKI RADITYA', 478, 'Laki-laki'),
(4077, '252610136', '0092574917', 'RISKI JULIANSYAH', 478, 'Laki-laki'),
(4078, '252610137', '0103181045', 'RISMA ANZANI FITRIANI', 478, 'Perempuan'),
(4079, '252610138', '0096278562', 'RIYANI RAHMADANI', 478, 'Perempuan'),
(4080, '252610139', '0096561146', 'SABRINA NOVANTI', 478, 'Perempuan'),
(4081, '252610140', '0093627667', 'SISIL NOVITA HEMANINGSIH', 478, 'Perempuan'),
(4082, '252610141', '0096456159', 'SITI MARWAH SOLIHAH', 478, 'Perempuan'),
(4083, '252610142', '0096593185', 'SYAHRIEL AL MULKHIANSYAH', 478, 'Laki-laki'),
(4084, '252610143', '0109791707', 'SYERA AURELIA AZAHRA AZKIYA KURNIAWAN', 478, 'Perempuan'),
(4085, '252610144', '3091779992', 'WULAN AULIA', 478, 'Perempuan'),
(4086, '252610145', '0091334058', 'AGNIS REZKYA PUTRI', 479, 'Perempuan'),
(4087, '252610146', '0082772998', 'AHMAD FADIL', 479, 'Laki-laki'),
(4088, '252610147', '0093464583', 'ALISHA NAVIZA WIDTIA ARDHANI', 479, 'Perempuan'),
(4089, '252610148', '0104850932', 'ALIYA RIZKI', 479, 'Perempuan'),
(4090, '252610149', '0099534075', 'ARSYIL DWI RAMADHAN', 479, 'Laki-laki'),
(4091, '252610150', '0092724912', 'AYU FARIDA LESTARI', 479, 'Perempuan'),
(4092, '252610151', '0107212124', 'CALLYSTA NADEEN PALACITA', 479, 'Perempuan'),
(4093, '252610152', '0106363954', 'CHRISTIAN HOT TUA MANIK', 479, 'Laki-laki'),
(4094, '252610153', '0098140185', 'DAFFA NAZAR PRATAMA', 479, 'Laki-laki'),
(4095, '252610154', '0103120821', 'DANISH ARKAN MULYAWAN', 479, 'Laki-laki'),
(4096, '252610155', '0097008991', 'DESTINA DWI AZHARANI', 479, 'Perempuan'),
(4097, '252610156', '0097245166', 'DEVIA NUR HANDAYANI', 479, 'Perempuan'),
(4098, '252610157', '0098386690', 'DHIKA PRADITA', 479, 'Laki-laki'),
(4099, '252610158', '0105072916', 'HILMAN ARDIANSYAH UTAMA', 479, 'Laki-laki'),
(4100, '252610159', '0104357237', 'ILMAIRA AULIA', 479, 'Perempuan'),
(4101, '252610160', '0105603849', 'ILMIRA NURIL HAFSHAH', 479, 'Perempuan'),
(4102, '252610161', '0098933247', 'IMAM HERDIANA', 479, 'Laki-laki'),
(4103, '252610162', '0099182722', 'IRGI ADITYA PRATAMA RAMADHAN', 479, 'Laki-laki'),
(4104, '252610163', '0097068478', 'IZKARIEMA AQEELA HASNA', 479, 'Perempuan'),
(4105, '252610164', '0107565321', 'JERIKO HENDANA', 479, 'Laki-laki'),
(4106, '252610165', '0106749156', 'KAREN', 479, 'Perempuan'),
(4107, '252610166', '0094503314', 'KEYSHA PUTRI OCTHAVIANI', 479, 'Perempuan'),
(4108, '252610167', '0095989975', 'LIANY NURSYIFA', 479, 'Perempuan'),
(4109, '252610168', '0098443098', 'MOCHAMAD JABAR ALFARIZI', 479, 'Laki-laki'),
(4110, '252610169', '0093418588', 'MOUZA PAULIN METTANURI', 479, 'Perempuan'),
(4111, '252610170', '0094089104', 'MUHAMAD DAFFA AL HABSYI', 479, 'Laki-laki'),
(4112, '252610171', '0091176438', 'MUHAMMAD NUR IQBAL', 479, 'Laki-laki'),
(4113, '252610172', '0091716306', 'MUHAMMAD SOFYAN', 479, 'Laki-laki'),
(4114, '252610173', '0095993145', 'NAIIFAH NUR UMAIMAH', 479, 'Perempuan'),
(4115, '252610174', '0077609682', 'NAJWA FITRI SOLEHAH', 479, 'Perempuan'),
(4116, '252610175', '0108649061', 'NARA PONGBALA LAKKA', 479, 'Perempuan'),
(4117, '252610176', '0102614402', 'NAYRA SHAFANIA NADHIFA', 479, 'Perempuan'),
(4118, '252610177', '0104493988', 'NAZWA PUTRI DIANKA', 479, 'Perempuan'),
(4119, '252610178', '0099807178', 'NEVAN HIRZAN ARADEA', 479, 'Laki-laki'),
(4120, '252610179', '0101014302', 'NUR AISYAH', 479, 'Perempuan'),
(4121, '252610180', '0099991001', 'QUINNE ARADEA SANTOSO', 479, 'Perempuan'),
(4122, '252610181', '3105531281', 'RADITHYA JAVAS DWIKUSUMA', 479, 'Laki-laki'),
(4123, '252610182', '0093057141', 'RESHA RISKI NUR FADLI', 479, 'Laki-laki'),
(4124, '252610183', '0097326952', 'RESTU JENHASBI ALZAENI', 479, 'Laki-laki'),
(4125, '252610184', '0098032115', 'REYHAN RIZQI ANUGRAH', 479, 'Laki-laki'),
(4126, '252610185', '3104958866', 'RIFAA RIHADATUL AISYA', 479, 'Perempuan'),
(4127, '252610186', '0093356590', 'RISNI NURDIYANTI', 479, 'Perempuan'),
(4128, '252610187', '0093472772', 'RIZKA ALIYYA ZAHRA', 479, 'Perempuan'),
(4129, '252610188', '0095636524', 'SALSA ARIYANTI DEWI', 479, 'Perempuan'),
(4130, '252610189', '0077357803', 'SITI FATIMAH AZHAR', 479, 'Perempuan'),
(4131, '252610190', '0091389933', 'SYAFIRA ELVIANA ULVI', 479, 'Perempuan'),
(4132, '252610191', '0097969720', 'TEGAR RAMADHAN', 479, 'Laki-laki'),
(4133, '252610192', '0107601133', 'TIARA DWI NURKHASANAH', 479, 'Perempuan'),
(4134, '252610193', '0097197250', 'ALFAREZ MEGANTARA', 480, 'Laki-laki'),
(4135, '252610194', '0098288846', 'ALIYA SALSABILA RAMADHANI', 480, 'Perempuan'),
(4136, '252610195', '0109402723', 'AMEERA FAATIN ARIFAH PRAMESWARI', 480, 'Perempuan'),
(4137, '252610196', '0096478715', 'AMELLIA DESTI ARDIANA', 480, 'Perempuan'),
(4138, '252610197', '0105944028', 'ASLAM KHAIRUL ANAM', 480, 'Laki-laki'),
(4139, '252610198', '0103625839', 'AZZAHRA NUR AZIZZAH', 480, 'Perempuan'),
(4140, '252610199', '0101418535', 'CHIKA MEISYA PUTRI', 480, 'Perempuan'),
(4141, '252610200', '0092327595', 'DAFIN REFAN ALPIANSYAH', 480, 'Laki-laki'),
(4142, '252610201', '0091848369', 'DESTRIDA RAZAN HANIFAH', 480, 'Perempuan'),
(4143, '252610202', '0096845256', 'DIAN INTAN FITRI ASTUTI', 480, 'Perempuan'),
(4144, '252610203', '0096676760', 'DINDA AJENG PRATIWI', 480, 'Perempuan'),
(4145, '252610204', '0096009068', 'DIVA JULIAN SOELAEMAN', 480, 'Laki-laki'),
(4146, '252610205', '0099189062', 'DWI APSHEL AL NURANSHAH', 480, 'Laki-laki'),
(4147, '252610206', '0087613811', 'FARREL HASAN MUZAKKI', 480, 'Laki-laki'),
(4148, '252610207', '3096941268', 'IBNU SALMAN ARRAYYHANIFA', 480, 'Laki-laki'),
(4149, '252610208', '0096078450', 'INAS ADHADIYAH HANIFAH', 480, 'Perempuan'),
(4150, '252610209', '0095628091', 'INDRI DWI VERNANDA', 480, 'Perempuan'),
(4151, '252610210', '0108632502', 'ISAL MAULANA', 480, 'Laki-laki'),
(4152, '252610211', '0099298770', 'KAISAR HAFIIZHAN ALMAN HAKIM SOPIAN', 480, 'Laki-laki'),
(4153, '252610212', '0106254677', 'KEYLA ABIGEIL BILQIIS SOFIANA', 480, 'Perempuan'),
(4154, '252610213', '0108028758', 'KIRANA AYU KURNIA', 480, 'Perempuan'),
(4155, '252610214', '0096405007', 'LOVELY PRISCILLA AUDREY', 480, 'Perempuan'),
(4156, '252610215', '0105726150', 'MARSYA SEVYANA', 480, 'Perempuan'),
(4157, '252610216', '0091562636', 'MUHAMAD ALWI', 480, 'Laki-laki'),
(4158, '252610217', '3109416753', 'MUHAMAD ILHAM', 480, 'Laki-laki'),
(4159, '252610218', '0097504815', 'MUHAMMAD NURUL QOLBI', 480, 'Laki-laki'),
(4160, '252610219', '0092510529', 'MUHAMMAD SULTHAN ANWAR', 480, 'Laki-laki'),
(4161, '252610220', '0104359532', 'NABILA SEPTIANI', 480, 'Perempuan'),
(4162, '252610221', '0106503883', 'NAILAH NUR SALSABILA ROCHSIDI', 480, 'Perempuan'),
(4163, '252610222', '0106466083', 'NAURA ADELIA FRANATA', 480, 'Perempuan'),
(4164, '252610223', '0102005915', 'NAYSILA YULIANTIKA HARYADI', 480, 'Perempuan'),
(4165, '252610224', '0096874094', 'NENG RAYSYA AFRILIYANI', 480, 'Perempuan'),
(4166, '252610225', '0096706231', 'NICKY CHELSEA ASYERA KAUSE', 480, 'Perempuan'),
(4167, '252610226', '0092067598', 'QUINSHA KAYLA AZZAHRA RAUDHATUL JANNAH', 480, 'Perempuan'),
(4168, '252610227', '0097245052', 'RADITYA AL KIANDRA', 480, 'Laki-laki'),
(4169, '252610229', '0099651874', 'REKSA ATHAR RIZQY', 480, 'Laki-laki'),
(4170, '252610230', '0103346907', 'REYNAYA MEGANTARA PUTRA', 480, 'Laki-laki'),
(4171, '252610231', '0104773024', 'REZKY FEBRIAN SANTOSO', 480, 'Laki-laki'),
(4172, '252610232', '0104213401', 'SAFA AYUDIA PUTRI SETIYAWAN', 480, 'Perempuan'),
(4173, '252610233', '0098809179', 'SAFITRI AZ ZAHRA', 480, 'Perempuan'),
(4174, '252610234', '0093505269', 'SALSA BILLA SOFFA', 480, 'Perempuan'),
(4175, '252610235', '0095304292', 'SELPI FITRIANI', 480, 'Perempuan'),
(4176, '252610236', '0108996086', 'SITI MARWAH ASMIAH', 480, 'Perempuan'),
(4177, '252610237', '0085264668', 'SOPIAN ARIYANTO', 480, 'Laki-laki'),
(4178, '252610238', '0107962953', 'SYAIMAA ZUHRA HUMAIRA', 480, 'Perempuan'),
(4179, '252610239', '0095793149', 'ULKIYA AHSANI', 480, 'Perempuan'),
(4180, '252610240', '0096322725', 'YOGA ILHAM PUTRA ARDIANSYAH', 480, 'Laki-laki'),
(4181, '252610241', '0098811368', 'ABYAZ SALIH HAQ', 481, 'Laki-laki'),
(4182, '252610242', '0093748866', 'AJI ANANDA HERMAWAN', 481, 'Laki-laki'),
(4183, '252610243', '0092390108', 'ALI PRATAMA', 481, 'Laki-laki'),
(4184, '252610244', '0108481699', 'ALISYA NURUL QOLBI', 481, 'Perempuan'),
(4185, '252610245', '0093262556', 'ALYA AZIZAH SYAHHENDRI', 481, 'Perempuan'),
(4186, '252610246', '0108392745', 'ANISA WANTI NURAINI', 481, 'Perempuan'),
(4187, '252610247', '0096828514', 'BAGAS PUTRA ADWITYO', 481, 'Laki-laki'),
(4188, '252610248', '0102702837', 'CALLISTA LUVENA ZANTIANO', 481, 'Perempuan'),
(4189, '252610249', '0095105329', 'DALIILA AZKIA', 481, 'Perempuan'),
(4190, '252610250', '0098997008', 'DANIEL RIZKY RAMDANI', 481, 'Laki-laki'),
(4191, '252610251', '0095983481', 'DHEA NISA AZIZAH', 481, 'Perempuan'),
(4192, '252610252', '0108041057', 'DINDA PUTRI NAZHWA', 481, 'Perempuan'),
(4193, '252610253', '0104931346', 'DUGI SATRIA SEBASTIAN', 481, 'Laki-laki'),
(4194, '252610254', '0099056577', 'DZAKY MOCHAMAD RAFA', 481, 'Laki-laki'),
(4195, '252610255', '0103850731', 'ELISA RAHMAWATI', 481, 'Perempuan'),
(4196, '252610256', '0108994821', 'GALIH MUHAMAD ADDIEN', 481, 'Laki-laki'),
(4197, '252610257', '3096607280', 'IBRAHIM ABDILLAH GHAELANI JAMALUDIN', 481, 'Laki-laki'),
(4198, '252610258', '0095420394', 'INTAN CAHYA KAMILA', 481, 'Perempuan'),
(4199, '252610259', '0105778966', 'JIHAN LUTFIAH ZAHRA', 481, 'Perempuan'),
(4200, '252610260', '0095996130', 'KEVIN CHRISTIAN', 481, 'Laki-laki'),
(4201, '252610261', '0109786777', 'KHIRANIA SITI FATIMAH', 481, 'Perempuan'),
(4202, '252610262', '0092842867', 'M PAISAL', 481, 'Laki-laki'),
(4203, '252610263', '0108158380', 'MAMLUATUL AZIZAH', 481, 'Perempuan'),
(4204, '252610264', '0094977789', 'MELANI NURHAFIZA', 481, 'Perempuan'),
(4205, '252610265', '0093844464', 'MUHAMAD ARIF AL AZMI', 481, 'Laki-laki'),
(4206, '252610266', '0081733306', 'MUHAMMAD ALIF FIRDAUS', 481, 'Laki-laki'),
(4207, '252610267', '0099416362', 'MUHAMMAD RAFI FAIRUZ', 481, 'Laki-laki'),
(4208, '252610268', '3091199482', 'MUHAMMAD ZICKRY FADLAN PURNAMA', 481, 'Laki-laki'),
(4209, '252610269', '0093119669', 'NABILA PUTRI FAHRIANI', 481, 'Perempuan'),
(4210, '252610270', '0102441709', 'NAJWA HAURAA ANDAIRY', 481, 'Perempuan'),
(4211, '252610271', '0092033273', 'NASYA PUTRI AL ZAHRA', 481, 'Perempuan'),
(4212, '252610272', '0101154056', 'NESHA FIDELYA PUTRI', 481, 'Perempuan'),
(4213, '252610273', '0104010951', 'NISSA NURHANIFAH', 481, 'Perempuan'),
(4214, '252610274', '0097178936', 'NUR ANISA', 481, 'Perempuan'),
(4215, '252610275', '0104824715', 'PUTRI JAHWA JAHIATUL MA\'WA', 481, 'Perempuan'),
(4216, '252610276', '0107747462', 'RADITYA RACHMAYADI', 481, 'Laki-laki'),
(4217, '252610277', '0108578480', 'RAINA QUINSHA DIMYATI', 481, 'Perempuan'),
(4218, '252610278', '0096910060', 'RHIZKY AULIA NOPIANDI', 481, 'Laki-laki'),
(4219, '252610279', '0105315014', 'RIFA NATASHA PADILAH', 481, 'Perempuan'),
(4220, '252610280', '0091607701', 'SAHLA KHALINA INDRIS', 481, 'Perempuan'),
(4221, '252610281', '0094588054', 'SALSABILA RAISSA PUTRI RAFIFAH', 481, 'Perempuan'),
(4222, '252610282', '0091375849', 'SARAH', 481, 'Perempuan'),
(4223, '252610283', '0093602374', 'SITI NABILA', 481, 'Perempuan'),
(4224, '252610284', '0092728022', 'STEPHEN ADITYA PRATAMA SINAGA', 481, 'Laki-laki'),
(4225, '252610285', '0091396637', 'SUSI SULISTIANI', 481, 'Laki-laki'),
(4226, '252610286', '0097233735', 'VANESSA ELVARETTA ECHA ZAHRA', 481, 'Perempuan'),
(4227, '252610287', '3094169713', 'ZAKI LUTHFI HAMDANI', 481, 'Laki-laki'),
(4228, '252610288', '0097608910', 'ZIHAN PRICILLA', 481, 'Perempuan'),
(4229, '252610110', '1111', 'FIDELA DIDRIKA NARESWARI', 478, 'Perempuan'),
(4230, '252610228', '2222', 'RAFFA ZAHID EL-FATA', 480, 'Laki-laki'),
(4231, '252610289', '0109457960', 'ADITYA HERDIANSAH PRATAMA', 482, 'Laki-laki'),
(4232, '252610290', '0109039069', 'AMBAR PUSPITA AYUNINGTIAS', 482, 'Perempuan'),
(4233, '252610291', '0109612671', 'ANGEL MARSANDA MANURUNG', 482, 'Perempuan'),
(4234, '252610292', '0093782401', 'ANGGA FAJAR MAULANA DAUD', 482, 'Laki-laki'),
(4235, '252610293', '0102486217', 'ANISSA RADHYANI APRILLIA', 482, 'Perempuan'),
(4236, '252610294', '0096128065', 'ARYA PRATAMA', 482, 'Laki-laki'),
(4237, '252610295', '0103586864', 'ASSYFA PUTRI NURSALAMAH', 482, 'Perempuan'),
(4238, '252610296', '0098071928', 'BAMBANG MOHAMMAD WILDAN', 482, 'Laki-laki'),
(4239, '252610297', '0095439338', 'CHANDRIKA AZ ZAHRA RIZQULLOH', 482, 'Perempuan'),
(4240, '252610298', '0091373266', 'DE SILVA NURHALIZZA', 482, 'Perempuan'),
(4241, '252610299', '0096052598', 'DEDEN SYAHPUTRA', 482, 'Laki-laki'),
(4242, '252610300', '0105561749', 'DINI AULIA FITRIANI', 482, 'Perempuan'),
(4243, '252610301', '0091078610', 'DWI PUTRA YUDAYANA', 482, 'Laki-laki'),
(4244, '252610302', '0103496806', 'EVAN FEBRIANSYAH', 482, 'Laki-laki'),
(4245, '252610303', '0096173312', 'FARRAS AMELIA HAFIZHAH', 482, 'Perempuan'),
(4246, '252610304', '0097304801', 'HABBIL AL GIFHARY SYAHBANA', 482, 'Laki-laki'),
(4247, '252610305', '0091345868', 'INDRA NUR CAHYANTO', 482, 'Laki-laki'),
(4248, '252610306', '0103129180', 'INTAN RIYANI', 482, 'Perempuan'),
(4249, '252610307', '0093740289', 'KAI AULIA PUTRI SUPARDAN', 482, 'Perempuan'),
(4250, '252610308', '0095080505', 'LUSI SITI SOLEHAH', 482, 'Perempuan'),
(4251, '252610309', '0103699880', 'M REVAN SAPUTRA', 482, 'Laki-laki'),
(4252, '252610310', '0101457855', 'MELATI PUSPITA KIRANI', 482, 'Perempuan'),
(4253, '252610311', '0105596208', 'MOCHAMMAD AKBAR KURNIAWAN', 482, 'Laki-laki'),
(4254, '252610312', '0104235295', 'MUHAMAD EMAAR', 482, 'Laki-laki'),
(4255, '252610313', '0091613280', 'MUHAMMAD DAKKA JATMIKA', 482, 'Laki-laki'),
(4256, '252610314', '0096194337', 'MUHAMMAD RAKHA SATRIA WIDYATAMA', 482, 'Laki-laki'),
(4257, '252610315', '3099962280', 'NABIL SATRIA PURNAMA', 482, 'Laki-laki'),
(4258, '252610316', '0102886558', 'NAILA NUR WAHIDAH', 482, 'Perempuan'),
(4259, '252610317', '0096736526', 'NAOMI AISYAH PUTRI', 482, 'Perempuan'),
(4260, '252610318', '0093660173', 'NULA RISZENA ZISKIND', 482, 'Perempuan'),
(4261, '252610319', '0099208904', 'NUR ASSYIFA SABILA SIAGIAN', 482, 'Perempuan'),
(4262, '252610320', '0107088210', 'NURANI SITI ZAHRA', 482, 'Perempuan'),
(4263, '252610321', '0098046210', 'RAFA JEN NUR AHKSAN', 482, 'Laki-laki'),
(4264, '252610322', '0096133380', 'RAHMA RIDHOTUNNISA RINALDI', 482, 'Perempuan'),
(4265, '252610323', '0095627775', 'RAINA SABILA', 482, 'Perempuan'),
(4266, '252610324', '0108938440', 'RIFKI VALEY FERDIAN PUTRA', 482, 'Laki-laki'),
(4267, '252610325', '0091011203', 'RISKI PADILAH', 482, 'Laki-laki'),
(4268, '252610326', '0098453109', 'SALMA JUNIAR SUFYAN PUTRI', 482, 'Perempuan'),
(4269, '252610327', '0097820991', 'SALSABILA RUSNADI', 482, 'Perempuan'),
(4270, '252610328', '0098070730', 'SALVIA ASTI KIRANA', 482, 'Perempuan'),
(4271, '252610329', '0092171873', 'SALWA AZKA NURSYAMSA', 482, 'Perempuan'),
(4272, '252610330', '0106597443', 'SANITIA CLARAHATI', 482, 'Perempuan'),
(4273, '252610331', '0106995520', 'SASKIA NABILA SUHERMAN', 482, 'Perempuan'),
(4274, '252610332', '0108080191', 'SITI SALIYATUL JAMILAH', 482, 'Perempuan'),
(4275, '252610333', '0091568323', 'SYAHRUL PUTRA MAULANA', 482, 'Laki-laki'),
(4276, '252610334', '0097232758', 'WANGI ROSALINA', 482, 'Perempuan'),
(4277, '252610335', '0098170555', 'WIRA DENTA RUKMANTARA', 482, 'Laki-laki'),
(4278, '252610336', '0097882962', 'YULIAWATI', 482, 'Perempuan'),
(4279, '252610337', '0093563129', 'AHMAD ADLU ROZZAQ', 483, 'Laki-laki'),
(4280, '252610338', '0097576092', 'ANNISA AULIA HAFIDZAH', 483, 'Perempuan'),
(4281, '252610339', '0104417893', 'ARDIANSYAH PUTRA', 483, 'Laki-laki'),
(4282, '252610340', '0102545943', 'ATHQOL AZKIYA AL AINA\'UL MARDIYAH', 483, 'Perempuan'),
(4283, '252610341', '0108115840', 'AZRIL MAULANA ISMAIL', 483, 'Laki-laki'),
(4284, '252610342', '0099788522', 'BAIQ AISYAH PUTRI MADINA', 483, 'Perempuan'),
(4285, '252610343', '0108224666', 'BAYHAQI APRILIAN ZUFAR', 483, 'Laki-laki'),
(4286, '252610344', '0109753431', 'CHAVIVI ROMANSI DEVITA', 483, 'Perempuan'),
(4287, '252610345', '0096565992', 'DENIA ARIFRIANTY', 483, 'Perempuan'),
(4288, '252610346', '0092813844', 'DESRA DWI CAYLA', 483, 'Perempuan'),
(4289, '252610347', '0105126772', 'DINI IRA RAHMAWATI', 483, 'Perempuan'),
(4290, '252610348', '0092263522', 'DWI PUTRI RIZKIYANI', 483, 'Perempuan'),
(4291, '252610349', '0091054398', 'FABIAN RAMADHAN MAULIANA', 483, 'Laki-laki'),
(4292, '252610350', '0098340095', 'FAHRI FAUZI RAHMAN', 483, 'Laki-laki'),
(4293, '252610351', '0104926737', 'FAIQ AZARIA ZULFAN', 483, 'Laki-laki'),
(4294, '252610352', '0097303475', 'FATMAWATI', 483, 'Perempuan'),
(4295, '252610353', '0094167199', 'HANA PRATIWI', 483, 'Perempuan'),
(4296, '252610354', '0093128356', 'IMAN SETIADI', 483, 'Laki-laki'),
(4297, '252610355', '0097971836', 'JIHAN OKTAVIANI', 483, 'Perempuan'),
(4298, '252610356', '0091415008', 'KAFKA SUTHANIKA PURWANEGARA', 483, 'Laki-laki'),
(4299, '252610357', '0106266606', 'KAILA RAISHA PUTRI', 483, 'Perempuan'),
(4300, '252610358', '0086578731', 'M. IMAM ALKAISAN', 483, 'Laki-laki'),
(4301, '252610359', '0092491927', 'MEGA PUTRI AGUSTINA', 483, 'Perempuan'),
(4302, '252610360', '0097267356', 'MUHAMAD FATHIR VANDIAZ', 483, 'Laki-laki'),
(4303, '252610361', '0104372413', 'MUHAMAD HILMY HILMAWAN', 483, 'Laki-laki'),
(4304, '252610362', '0093185387', 'MUHAMMAD FAHRIZAL KUSMAYADI', 483, 'Laki-laki'),
(4305, '252610363', '0093743323', 'MUHAMMAD RAUFA ALTHAF ANHAR', 483, 'Laki-laki'),
(4306, '252610364', '0105393628', 'MUTIARA HADIA PUTRI', 483, 'Perempuan'),
(4307, '252610365', '0096929849', 'NABILA AGUSTINA SETIAWAN', 483, 'Perempuan'),
(4308, '252610366', '0093685247', 'NAOFAL RATIAN', 483, 'Laki-laki'),
(4309, '252610367', '0099657194', 'NAOMI ANJANI', 483, 'Perempuan'),
(4310, '252610368', '0093723234', 'NURLAELA NISPISABAN', 483, 'Perempuan'),
(4311, '252610369', '0093135008', 'NURUL AZKIYA', 483, 'Perempuan'),
(4312, '252610370', '0098336278', 'RAFFA ATHAYA SYAILENDRA', 483, 'Laki-laki'),
(4313, '252610371', '0101974343', 'RAINA WULAN JANI', 483, 'Perempuan'),
(4314, '252610372', '0093147419', 'RAISYA NUR SIFA', 483, 'Perempuan'),
(4315, '252610373', '0098147042', 'RIFKI ZAIDAN AL PUTRA', 483, 'Laki-laki'),
(4316, '252610374', '0104599736', 'RIZKY RAMADHAN', 483, 'Laki-laki'),
(4317, '252610375', '0102758359', 'SHAFA AURELLIA', 483, 'Perempuan'),
(4318, '252610376', '0092464262', 'SALSABILA NUR AIENI SETIAWAN', 483, 'Perempuan'),
(4319, '252610377', '0093863289', 'SALWA ADINDA NUR RIZKIA', 483, 'Perempuan'),
(4320, '252610378', '0091712679', 'SASKIA AULIA FITRIANI', 483, 'Perempuan'),
(4321, '252610379', '0092349467', 'SERIL GRAHA APRILIA', 483, 'Perempuan'),
(4322, '252610380', '0098797088', 'SYAKILA PUTRI ASY-SYAMS', 483, 'Perempuan'),
(4323, '252610381', '0096156650', 'TUBAGUS MUHAMMAD RAFA', 483, 'Laki-laki'),
(4324, '252610382', '0106490261', 'WINDA AGUSTIN', 483, 'Perempuan'),
(4325, '252610383', '0093277811', 'ZAHROTUS SITA RAHMANI', 483, 'Perempuan'),
(4326, '252610384', '0097743498', 'ZHIDAN TENGKUH FIRMANSYAH', 483, 'Laki-laki'),
(4327, '252610385', '0093316434', 'AKSEL AKMAL FAIZA', 484, 'Laki-laki'),
(4328, '252610386', '0095159644', 'ALDI DWI NUGROHO', 484, 'Laki-laki'),
(4329, '252610387', '0092045991', 'ANNISA DENIYATI', 484, 'Perempuan'),
(4330, '252610388', '0091384443', 'ARIS SETIAWAN', 484, 'Laki-laki'),
(4331, '252610389', '0101151666', 'ARNIS AURELIA NURRAFIKA', 484, 'Perempuan'),
(4332, '252610390', '0107400448', 'AULIA NINGSIH', 484, 'Perempuan'),
(4333, '252610391', '0103181175', 'BILLY PANGESTIAN', 484, 'Laki-laki'),
(4335, '252610414', '3333', 'NATAN OKTAVIANUS SINAMBELA', 484, 'Laki-laki');

-- --------------------------------------------------------

--
-- Struktur dari tabel `users`
--

CREATE TABLE `users` (
  `id` int(11) NOT NULL,
  `username` varchar(50) NOT NULL,
  `password` varchar(255) NOT NULL,
  `nama` varchar(100) NOT NULL,
  `role` enum('admin','guru') NOT NULL DEFAULT 'guru'
) ENGINE=InnoDB DEFAULT CHARSET=utf8mb4 COLLATE=utf8mb4_unicode_ci;

--
-- Dumping data untuk tabel `users`
--

INSERT INTO `users` (`id`, `username`, `password`, `nama`, `role`) VALUES
(1, 'admin', '$2y$10$3.dK/h.S4dqfZ9qYVO0DSeCA5nyk7c3OOi5B3UmAOwIks.4RZW8mS', 'Administrator', 'admin');

--
-- Indexes for dumped tables
--

--
-- Indeks untuk tabel `absensi`
--
ALTER TABLE `absensi`
  ADD PRIMARY KEY (`id`),
  ADD KEY `siswa_id` (`siswa_id`);

--
-- Indeks untuk tabel `kelas`
--
ALTER TABLE `kelas`
  ADD PRIMARY KEY (`id`);

--
-- Indeks untuk tabel `siswa`
--
ALTER TABLE `siswa`
  ADD PRIMARY KEY (`id`),
  ADD UNIQUE KEY `nis` (`nis`),
  ADD UNIQUE KEY `nisn` (`nisn`),
  ADD KEY `kelas_id` (`kelas_id`);

--
-- Indeks untuk tabel `users`
--
ALTER TABLE `users`
  ADD PRIMARY KEY (`id`),
  ADD UNIQUE KEY `username` (`username`);

--
-- AUTO_INCREMENT untuk tabel yang dibuang
--

--
-- AUTO_INCREMENT untuk tabel `absensi`
--
ALTER TABLE `absensi`
  MODIFY `id` int(11) NOT NULL AUTO_INCREMENT, AUTO_INCREMENT=7602;

--
-- AUTO_INCREMENT untuk tabel `kelas`
--
ALTER TABLE `kelas`
  MODIFY `id` int(11) NOT NULL AUTO_INCREMENT, AUTO_INCREMENT=773;

--
-- AUTO_INCREMENT untuk tabel `siswa`
--
ALTER TABLE `siswa`
  MODIFY `id` int(11) NOT NULL AUTO_INCREMENT, AUTO_INCREMENT=4342;

--
-- AUTO_INCREMENT untuk tabel `users`
--
ALTER TABLE `users`
  MODIFY `id` int(11) NOT NULL AUTO_INCREMENT, AUTO_INCREMENT=2;
COMMIT;

/*!40101 SET CHARACTER_SET_CLIENT=@OLD_CHARACTER_SET_CLIENT */;
/*!40101 SET CHARACTER_SET_RESULTS=@OLD_CHARACTER_SET_RESULTS */;
/*!40101 SET COLLATION_CONNECTION=@OLD_COLLATION_CONNECTION */;
